PDB Code,BU,CHAIN,WT,Position,MUT,ΔSolubility,ΔSol_Specific,Protein,Organism,Reference (PMID)
Model_0_AF,Monomer,A,GLN,18,ASP,0,,S1 dihyfdrofolate reductase,S. Aureus,7971955
Model_0_AF,Monomer,A,ASN,49,GLU,1,,S1 dihyfdrofolate reductase,S. Aureus,7971955
Model_0_AF,Monomer,A,GLN,66,ASP,1,,S1 dihyfdrofolate reductase,S. Aureus,7971955
Model_0_AF,Monomer,A,ASN,131,ASP,2,,S1 dihyfdrofolate reductase,S. Aureus,7971955
3HY5,Monomer,A,ARG,234,TRP,0,,CRALBP,Homo Sapiens,12536144
3HY5,Monomer,A,ARG,151,GLN,-2,,CRALBP,Homo Sapiens,12536144
3HY5,Monomer,A,MET,226,LYS,-1,,CRALBP,Homo Sapiens,12536144
2C9K_AF_modif,Monomer,A,PRO,193,PHE,-2,,Cry4Aa toxin,Bacillus thuringiensis subsp. israelensis,24632526
2C9K_AF_modif,Monomer,A,PRO,193,GLY,-1,,Cry4Aa toxin,Bacillus thuringiensis subsp. israelensis,24632526
2C9K_AF_modif,Monomer,A,PRO,193,VAL,-2,,Cry4Aa toxin,Bacillus thuringiensis subsp. israelensis,24632526
2C9K_AF_modif,Monomer,A,PRO,194,GLY,0,,Cry4Aa toxin,Bacillus thuringiensis subsp. israelensis,24632526
2C9K_AF_modif,Monomer,A,PRO,194,VAL,0,,Cry4Aa toxin,Bacillus thuringiensis subsp. israelensis,24632526
2C9K_AF_modif,Monomer,A,PRO,196,GLY,0,,Cry4Aa toxin,Bacillus thuringiensis subsp. israelensis,24632526
2C9K_AF_modif,Monomer,A,PRO,196,VAL,0,,Cry4Aa toxin,Bacillus thuringiensis subsp. israelensis,24632526
1DWP,Homo4,A,HIS,103,ALA,0,"-0,01",(S)-hydroxynitrile lyase,Manihot esculenta,21729945
1DWP,Homo4,A,HIS,103,CYS,1,"0,21",(S)-hydroxynitrile lyase,Manihot esculenta,21729945
1DWP,Homo4,A,HIS,103,ASP,0,"0,12",(S)-hydroxynitrile lyase,Manihot esculenta,21729945
1DWP,Homo4,A,HIS,103,GLU,0,"0,09",(S)-hydroxynitrile lyase,Manihot esculenta,21729945
1DWP,Homo4,A,HIS,103,PHE,0,"0,07",(S)-hydroxynitrile lyase,Manihot esculenta,21729945
1DWP,Homo4,A,HIS,103,GLY,0,"0,08",(S)-hydroxynitrile lyase,Manihot esculenta,21729945
1DWP,Homo4,A,HIS,103,ILE,0,"-0,01",(S)-hydroxynitrile lyase,Manihot esculenta,21729945
1DWP,Homo4,A,HIS,103,LYS,0,"0,06",(S)-hydroxynitrile lyase,Manihot esculenta,21729945
1DWP,Homo4,A,HIS,103,LEU,1,"0,38",(S)-hydroxynitrile lyase,Manihot esculenta,21729945
1DWP,Homo4,A,HIS,103,MET,1,"0,31",(S)-hydroxynitrile lyase,Manihot esculenta,21729945
1DWP,Homo4,A,HIS,103,ASN,0,"0,16",(S)-hydroxynitrile lyase,Manihot esculenta,21729945
1DWP,Homo4,A,HIS,103,PRO,0,"0,04",(S)-hydroxynitrile lyase,Manihot esculenta,21729945
1DWP,Homo4,A,HIS,103,GLN,0,"0,09",(S)-hydroxynitrile lyase,Manihot esculenta,21729945
1DWP,Homo4,A,HIS,103,ARG,0,"0,08",(S)-hydroxynitrile lyase,Manihot esculenta,21729945
1DWP,Homo4,A,HIS,103,SER,0,"0,09",(S)-hydroxynitrile lyase,Manihot esculenta,21729945
1DWP,Homo4,A,HIS,103,THR,0,0,(S)-hydroxynitrile lyase,Manihot esculenta,21729945
1DWP,Homo4,A,HIS,103,VAL,0,"0,15",(S)-hydroxynitrile lyase,Manihot esculenta,21729945
1DWP,Homo4,A,HIS,103,TRP,0,"-0,08",(S)-hydroxynitrile lyase,Manihot esculenta,21729945
1DWP,Homo4,A,HIS,103,TYR,0,"-0,05",(S)-hydroxynitrile lyase,Manihot esculenta,21729945
1DWP,Homo4,A,LYS,176,PRO,1,"0,22",(S)-hydroxynitrile lyase,Manihot esculenta,21729945
1DWP,Homo4,A,LYS,199,PRO,1,"0,22",(S)-hydroxynitrile lyase,Manihot esculenta,21729945
1DWP,Homo4,A,LYS,224,PRO,1,"0,2",(S)-hydroxynitrile lyase,Manihot esculenta,21729945
1RGG_A,Monomer,A,THR,76,ALA,1,7,Ribonuclease Sa,Streptomyces aureofaciens,17174328
1RGG_A,Monomer,A,THR,76,CYS,-1,-8,Ribonuclease Sa,Streptomyces aureofaciens,17174328
1RGG_A,Monomer,A,THR,76,ASP,2,23,Ribonuclease Sa,Streptomyces aureofaciens,17174328
1RGG_A,Monomer,A,THR,76,GLU,2,22,Ribonuclease Sa,Streptomyces aureofaciens,17174328
1RGG_A,Monomer,A,THR,76,PHE,-2,"-15,6",Ribonuclease Sa,Streptomyces aureofaciens,17174328
1RGG_A,Monomer,A,THR,76,GLY,1,7,Ribonuclease Sa,Streptomyces aureofaciens,17174328
1RGG_A,Monomer,A,THR,76,HIS,0,4,Ribonuclease Sa,Streptomyces aureofaciens,17174328
1RGG_A,Monomer,A,THR,76,ILE,-2,"-11,8",Ribonuclease Sa,Streptomyces aureofaciens,17174328
1RGG_A,Monomer,A,THR,76,LYS,2,11,Ribonuclease Sa,Streptomyces aureofaciens,17174328
1RGG_A,Monomer,A,THR,76,LEU,-2,"-10,7",Ribonuclease Sa,Streptomyces aureofaciens,17174328
1RGG_A,Monomer,A,THR,76,MET,-1,-9,Ribonuclease Sa,Streptomyces aureofaciens,17174328
1RGG_A,Monomer,A,THR,76,ASN,0,1,Ribonuclease Sa,Streptomyces aureofaciens,17174328
1RGG_A,Monomer,A,THR,76,PRO,-1,-5,Ribonuclease Sa,Streptomyces aureofaciens,17174328
1RGG_A,Monomer,A,THR,76,GLN,0,0,Ribonuclease Sa,Streptomyces aureofaciens,17174328
1RGG_A,Monomer,A,THR,76,ARG,2,22,Ribonuclease Sa,Streptomyces aureofaciens,17174328
1RGG_A,Monomer,A,THR,76,SER,2,19,Ribonuclease Sa,Streptomyces aureofaciens,17174328
1RGG_A,Monomer,A,THR,76,VAL,-2,-10,Ribonuclease Sa,Streptomyces aureofaciens,17174328
1RGG_A,Monomer,A,THR,76,TRP,-2,"-16,6",Ribonuclease Sa,Streptomyces aureofaciens,17174328
1RGG_A,Monomer,A,THR,76,TYR,-2,"-14,4",Ribonuclease Sa,Streptomyces aureofaciens,17174328
1RGG_A,Monomer,A,GLN,32,ASP,2,20,Ribonuclease Sa,Streptomyces aureofaciens,17174328
1RGG_A,Monomer,A,GLN,77,ASP,2,14,Ribonuclease Sa,Streptomyces aureofaciens,17174328
1ANF,Monomer,A,ALA,63,GLU,0,,Maltodextrin-binding protein,Escherichia Coli,11344330
1ANF,Monomer,A,ILE,317,GLU,0,,Maltodextrin-binding protein,Escherichia Coli,11344330
1ANF,Monomer,A,TRP,230,GLU,0,,Maltodextrin-binding protein,Escherichia Coli,11344330
1ANF,Monomer,A,TRP,232,GLU,0,,Maltodextrin-binding protein,Escherichia Coli,11344330
1ANF,Monomer,A,TRP,340,GLU,0,,Maltodextrin-binding protein,Escherichia Coli,11344330
1ANF,Monomer,A,TRP,62,GLU,0,,Maltodextrin-binding protein,Escherichia Coli,11344330
1ANF,Monomer,A,TYR,155,GLU,0,,Maltodextrin-binding protein,Escherichia Coli,11344330
1ANF,Monomer,A,TYR,242,GLU,0,,Maltodextrin-binding protein,Escherichia Coli,11344330
1ANF,Monomer,A,TYR,210,ALA,0,,Maltodextrin-binding protein,Escherichia Coli,11344330
1ANF,Monomer,A,TYR,283,ASP,-2,,Maltodextrin-binding protein,Escherichia Coli,11344330
2D68_AF_modif,Dimer,A,LEU,104,MET,-1,,FOP,Homo Sapiens,16690081
2D68_AF_modif,Dimer,A,LEU,127,MET,-1,,FOP,Homo Sapiens,16690081
2D68_AF_modif,Dimer,A,LYS,63,MET,-1,,FOP,Homo Sapiens,16690081
2D68_AF_modif,Dimer,A,LYS,69,MET,-1,,FOP,Homo Sapiens,16690081
2D68_AF_modif,Dimer,A,VAL,74,PHE,-1,,FOP,Homo Sapiens,16690081
2D68_AF_modif,Dimer,A,LEU,87,MET,-1,,FOP,Homo Sapiens,16690081
2D68_AF_modif,Dimer,A,THR,90,ALA,-1,,FOP,Homo Sapiens,16690081
2D68_AF_modif,Dimer,A,GLU,97,ALA,-1,,FOP,Homo Sapiens,16690081
4ROV,Monomer,A,CYS,221,ALA,0,,APOBEC3G,Homo Sapiens,17869248
4ROV,Monomer,A,CYS,243,ALA,0,,APOBEC3G,Homo Sapiens,17869248
4ROV,Monomer,A,CYS,261,ALA,-1,,APOBEC3G,Homo Sapiens,17869248
4ROV,Monomer,A,CYS,281,ALA,-1,,APOBEC3G,Homo Sapiens,17869248
4ROV,Monomer,A,CYS,288,ALA,-1,,APOBEC3G,Homo Sapiens,17869248
4ROV,Monomer,A,CYS,291,ALA,0,,APOBEC3G,Homo Sapiens,17869248
4ROV,Monomer,A,CYS,308,ALA,-1,,APOBEC3G,Homo Sapiens,17869248
4ROV,Monomer,A,CYS,321,ALA,0,,APOBEC3G,Homo Sapiens,17869248
4ROV,Monomer,A,CYS,346,ALA,0,,APOBEC3G,Homo Sapiens,17869248
4ROV,Monomer,A,CYS,356,ALA,0,,APOBEC3G,Homo Sapiens,17869248
4ROV,Monomer,A,GLU,259,ALA,0,,APOBEC3G,Homo Sapiens,17869248
4ROV,Monomer,A,PHE,202,ALA,0,,APOBEC3G,Homo Sapiens,17869248
4ROV,Monomer,A,PHE,204,ALA,0,,APOBEC3G,Homo Sapiens,17869248
4ROV,Monomer,A,PHE,206,ALA,0,,APOBEC3G,Homo Sapiens,17869248
4ROV,Monomer,A,PHE,241,ALA,1,,APOBEC3G,Homo Sapiens,17869248
4ROV,Monomer,A,PHE,252,ALA,0,,APOBEC3G,Homo Sapiens,17869248
4ROV,Monomer,A,PHE,268,ALA,0,,APOBEC3G,Homo Sapiens,17869248
4ROV,Monomer,A,PHE,289,ALA,0,,APOBEC3G,Homo Sapiens,17869248
4ROV,Monomer,A,PHE,310,ALA,0,,APOBEC3G,Homo Sapiens,17869248
4ROV,Monomer,A,ILE,299,ALA,0,,APOBEC3G,Homo Sapiens,17869248
4ROV,Monomer,A,ILE,337,ALA,0,,APOBEC3G,Homo Sapiens,17869248
4ROV,Monomer,A,LEU,234,ALA,1,,APOBEC3G,Homo Sapiens,17869248
4ROV,Monomer,A,LEU,235,ALA,1,,APOBEC3G,Homo Sapiens,17869248
4ROV,Monomer,A,LEU,253,ALA,1,,APOBEC3G,Homo Sapiens,17869248
4ROV,Monomer,A,LEU,260,ALA,-1,,APOBEC3G,Homo Sapiens,17869248
4ROV,Monomer,A,LEU,273,ALA,0,,APOBEC3G,Homo Sapiens,17869248
4ROV,Monomer,A,LEU,371,ALA,1,,APOBEC3G,Homo Sapiens,17869248
4ROV,Monomer,A,MET,227,ALA,0,,APOBEC3G,Homo Sapiens,17869248
4ROV,Monomer,A,VAL,212,ALA,0,,APOBEC3G,Homo Sapiens,17869248
4ROV,Monomer,A,VAL,233,ALA,0,,APOBEC3G,Homo Sapiens,17869248
4ROV,Monomer,A,VAL,265,ALA,0,,APOBEC3G,Homo Sapiens,17869248
4ROV,Monomer,A,TRP,211,ALA,0,,APOBEC3G,Homo Sapiens,17869248
4ROV,Monomer,A,TRP,232,ALA,0,,APOBEC3G,Homo Sapiens,17869248
4ROV,Monomer,A,TRP,269,ALA,-1,,APOBEC3G,Homo Sapiens,17869248
4ROV,Monomer,A,TYR,340,ALA,0,,APOBEC3G,Homo Sapiens,17869248
3PG0,Monomer,A,LYS,53,VAL,-1,"-1,3",ThreeFoil,de novo,28710274
3PG0,Monomer,A,ALA,62,VAL,-1,"-2,7",ThreeFoil,de novo,28710274
3PG0,Monomer,A,ASP,85,PRO,-2,"-6,9",ThreeFoil,de novo,28710274
3PG0,Monomer,A,ASP,49,ASN,1,"1,2",ThreeFoil,de novo,28710274
3PG0,Monomer,A,ALA,68,GLY,-1,"-1,9",ThreeFoil,de novo,28710274
3PG0,Monomer,A,ARG,90,LEU,-2,-7,ThreeFoil,de novo,28710274
3PG0,Monomer,A,ASP,93,PRO,-1,"-2,6",ThreeFoil,de novo,28710274
3PG0,Monomer,A,GLU,66,TYR,-1,"-3,9",ThreeFoil,de novo,28710274
3PG0,Monomer,A,GLU,66,LEU,-2,"-6,8",ThreeFoil,de novo,28710274
3PG0,Monomer,A,GLN,78,ILE,-2,"-22,4",ThreeFoil,de novo,28710274
1HK0_AF,Monomer,A,ALA,36,PRO,-2,,GammaD-Crystallin,Homo Sapiens,23936409
1HK0_AF,Monomer,A,GLU,107,ALA,-1,,GammaD-Crystallin,Homo Sapiens,21173272
1HK0_AF,Monomer,A,PRO,24,SER,-1,,GammaD-Crystallin,Homo Sapiens,15709761
1HK0_AF,Monomer,A,PRO,24,THR,-2,,GammaD-Crystallin,Homo Sapiens,15709761
1HK0_AF,Monomer,A,PRO,24,VAL,0,,GammaD-Crystallin,Homo Sapiens,15709761
1HK0_AF,Monomer,A,VAL,76,ASP,-1,,GammaD-Crystallin,Homo Sapiens,17652744
1HK0_AF,Monomer,A,TRP,43,ARG,-1,,GammaD-Crystallin,Homo Sapiens,21031598
1HK0_AF,Monomer,A,GLY,61,CYS,-1,,GammaD-Crystallin,Homo Sapiens,21655238
1HK0_AF,Monomer,A,ARG,77,SER,-2,,GammaD-Crystallin,Homo Sapiens,23936409
1HK0_AF,Monomer,A,ARG,37,SER,-2,,GammaD-Crystallin,Homo Sapiens,11371638
1HK0_AF,Monomer,A,ARG,59,HIS,-2,,GammaD-Crystallin,Homo Sapiens,11371638
1HK0_AF,Monomer,A,TYR,134,ALA,-2,,GammaD-Crystallin,Homo Sapiens,23936409
2NBR_A,Monomer,A,CYS,79,ARG,1,,GammaC-Crystallin,Homo Sapiens,17659303
2NBR_A,Monomer,A,ARG,36,SER,2,,GammaC-Crystallin,Homo Sapiens,17659303
Model_04_AF,Monomer,A,LEU,63,ALA,0,,Integrase,Human immunodeficiency virus 1,7597080
Model_04_AF,Monomer,A,LEU,68,LYS,0,,Integrase,Human immunodeficiency virus 1,7597080
Model_04_AF,Monomer,A,VAL,79,LYS,0,,Integrase,Human immunodeficiency virus 1,7597080
Model_04_AF,Monomer,A,LEU,104,LYS,0,,Integrase,Human immunodeficiency virus 1,7597080
Model_04_AF,Monomer,A,VAL,113,LYS,0,,Integrase,Human immunodeficiency virus 1,7597080
Model_04_AF,Monomer,A,VAL,126,LYS,0,,Integrase,Human immunodeficiency virus 1,7597080
Model_04_AF,Monomer,A,TRP,132,LYS,0,,Integrase,Human immunodeficiency virus 1,7597080
Model_04_AF,Monomer,A,ILE,135,LYS,0,,Integrase,Human immunodeficiency virus 1,7597080
Model_04_AF,Monomer,A,TYR,143,LYS,0,,Integrase,Human immunodeficiency virus 1,7597080
Model_04_AF,Monomer,A,LEU,158,LYS,0,,Integrase,Human immunodeficiency virus 1,7597080
Model_04_AF,Monomer,A,VAL,165,LYS,1,,Integrase,Human immunodeficiency virus 1,7597080
Model_04_AF,Monomer,A,LEU,172,LYS,0,,Integrase,Human immunodeficiency virus 1,7597080
Model_04_AF,Monomer,A,VAL,176,LYS,0,,Integrase,Human immunodeficiency virus 1,7597080
Model_04_AF,Monomer,A,PHE,185,LYS,2,,Integrase,Human immunodeficiency virus 1,7597080
Model_04_AF,Monomer,A,ILE,191,LYS,0,,Integrase,Human immunodeficiency virus 1,7597080
Model_05_AF,Homo4,A,ALA,18,ASP,1,44%,D-NCAase,Burkholderia pickettii,17121498
Model_05_AF,Homo4,A,ALA,18,GLU,1,47%,D-NCAase,Burkholderia pickettii,17121498
Model_05_AF,Homo4,A,ALA,18,LYS,0,,D-NCAase,Burkholderia pickettii,17121498
Model_05_AF,Homo4,A,ALA,18,LEU,0,,D-NCAase,Burkholderia pickettii,17121498
Model_05_AF,Homo4,A,ALA,18,ASN,1,42%,D-NCAase,Burkholderia pickettii,17121498
Model_05_AF,Homo4,A,ALA,18,ARG,0,,D-NCAase,Burkholderia pickettii,17121498
Model_05_AF,Homo4,A,ALA,18,THR,1,34%,D-NCAase,Burkholderia pickettii,17121498
Model_05_AF,Homo4,A,ALA,18,TYR,1,40%,D-NCAase,Burkholderia pickettii,17121498
Model_05_AF,Homo4,A,LYS,34,ALA,0,,D-NCAase,Burkholderia pickettii,17121498
Model_05_AF,Homo4,A,LYS,34,ASP,2,81%,D-NCAase,Burkholderia pickettii,17121498
Model_05_AF,Homo4,A,LYS,34,GLU,1,37%,D-NCAase,Burkholderia pickettii,17121498
Model_05_AF,Homo4,A,LYS,34,GLY,0,,D-NCAase,Burkholderia pickettii,17121498
Model_05_AF,Homo4,A,LYS,34,HIS,0,,D-NCAase,Burkholderia pickettii,17121498
Model_05_AF,Homo4,A,LYS,34,LEU,0,,D-NCAase,Burkholderia pickettii,17121498
Model_05_AF,Homo4,A,LYS,34,ARG,0,,D-NCAase,Burkholderia pickettii,17121498
Model_05_AF,Homo4,A,TYR,30,ALA,0,,D-NCAase,Burkholderia pickettii,17121498
Model_05_AF,Homo4,A,TYR,30,ASP,2,122%,D-NCAase,Burkholderia pickettii,17121498
Model_05_AF,Homo4,A,TYR,30,GLU,2,81%,D-NCAase,Burkholderia pickettii,17121498
Model_05_AF,Homo4,A,TYR,30,GLY,0,,D-NCAase,Burkholderia pickettii,17121498
Model_05_AF,Homo4,A,TYR,30,LYS,0,,D-NCAase,Burkholderia pickettii,17121498
Model_05_AF,Homo4,A,TYR,30,LEU,0,,D-NCAase,Burkholderia pickettii,17121498
Model_05_AF,Homo4,A,TYR,30,ASN,2,55%,D-NCAase,Burkholderia pickettii,17121498
Model_05_AF,Homo4,A,TYR,30,ARG,0,,D-NCAase,Burkholderia pickettii,17121498
1A3N,Hetero4,B,PHE,45,SER,-2,-50%,rHB1.0,Homo Sapiens,PATUS6455676B1
1A3N,Hetero4,B,LEU,48,ARG,-2,-95%,rHB1.0,Homo Sapiens,PATUS6455676B1
1A3N,Hetero4,B,ASP,73,ILE,1,25%,rHB1.0,Homo Sapiens,PATUS6455676B1
1A3N,Hetero4,B,ASP,73,MET,1,20%,rHB1.0,Homo Sapiens,PATUS6455676B1
1A3N,Hetero4,B,ASP,73,LYS,0,,rHB1.0,Homo Sapiens,PATUS6455676B1
1A3N,Hetero4,B,ASP,73,GLU,1,35%,rHB1.0,Homo Sapiens,PATUS6455676B1
1A3N,Hetero4,B,ASP,73,LEU,1,20%,rHB1.0,Homo Sapiens,PATUS6455676B1
1A3N,Hetero4,B,ASP,73,THR,0,,rHB1.0,Homo Sapiens,PATUS6455676B1
1A3N,Hetero4,B,LYS,82,GLU,2,70%,rHB1.0,Homo Sapiens,PATUS6455676B1
1A3N,Hetero4,B,LYS,82,GLY,1,45%,rHB1.0,Homo Sapiens,PATUS6455676B1
1A3N,Hetero4,B,LYS,82,HIS,1,30%,rHB1.0,Homo Sapiens,PATUS6455676B1
1A3N,Hetero4,B,LYS,82,PRO,2,100%,rHB1.0,Homo Sapiens,PATUS6455676B1
1A3N,Hetero4,B,LYS,82,GLN,1,35%,rHB1.0,Homo Sapiens,PATUS6455676B1
1A3N,Hetero4,B,LYS,82,SER,0,,rHB1.0,Homo Sapiens,PATUS6455676B1
1A3N,Hetero4,B,LYS,82,ASN,0,,rHB1.0,Homo Sapiens,PATUS6455676B1
1A3N,Hetero4,B,ASN,102,ALA,0,,rHB1.0,Homo Sapiens,PATUS6455676B1
1A3N,Hetero4,B,ASN,102,VAL,-1,-40%,rHB1.0,Homo Sapiens,PATUS6455676B1
1A3N,Hetero4,B,ASN,102,SER,1,20%,rHB1.0,Homo Sapiens,PATUS6455676B1
1A3N,Hetero4,B,ASN,102,THR,-1,-33%,rHB1.0,Homo Sapiens,PATUS6455676B1
1A3N,Hetero4,B,ASN,102,TYR,-2,-56%,rHB1.0,Homo Sapiens,PATUS6455676B1
1A3N,Hetero4,B,GLU,6,PHE,2,,rHB1.0,Homo Sapiens,8408017
1A3N,Hetero4,B,GLU,6,LEU,0,,rHB1.0,Homo Sapiens,8408017
1A3N,Hetero4,B,GLU,6,VAL,0,,rHB1.0,Homo Sapiens,8408017
1A3N,Hetero4,B,GLU,6,TRP,2,,rHB1.0,Homo Sapiens,8408017
1A3N,Hetero4,B,LYS,82,ASP,2,,rHB1.0,Homo Sapiens,9925594
1A3N,Hetero4,B,ASN,108,LYS,-2,,rHB1.0,Homo Sapiens,9925594
5DOT_PUC_SM,Homo2,A,GLY,1376,SER,0,,CPS1,Homo Sapiens,20578160
5DOT_PUC_SM,Homo2,A,HIS,337,ARG,0,,CPS1,Homo Sapiens,20578160
5DOT_PUC_SM,Homo2,A,PRO,1411,LEU,0,,CPS1,Homo Sapiens,20578160
5DOT_PUC_SM,Homo2,A,PRO,774,LEU,0,,CPS1,Homo Sapiens,20578160
5DOT_PUC_SM,Homo2,A,GLN,678,PRO,-1,,CPS1,Homo Sapiens,20578160
5DOT_PUC_SM,Homo2,A,ARG,1453,GLN,0,,CPS1,Homo Sapiens,20578160
5DOT_PUC_SM,Homo2,A,ARG,1453,TRP,0,,CPS1,Homo Sapiens,20578160
5DOT_PUC_SM,Homo2,A,SER,123,PHE,0,,CPS1,Homo Sapiens,20578160
5DOT_PUC_SM,Homo2,A,THR,471,ASN,0,,CPS1,Homo Sapiens,20578160
5DOT_PUC_SM,Homo2,A,TYR,1491,HIS,0,,CPS1,Homo Sapiens,20578160
9ILB,Monomer,A,LYS,97,GLY,0,,Interleukin-1 beta,Homo Sapiens,8394358
9ILB,Monomer,A,LYS,97,ARG,0,,Interleukin-1 beta,Homo Sapiens,8394358
9ILB,Monomer,A,LYS,97,VAL,0,,Interleukin-1 beta,Homo Sapiens,8394358
9ILB,Monomer,A,LEU,10,ASP,-1,,Interleukin-1 beta,Homo Sapiens,8394358
9ILB,Monomer,A,LEU,10,ASN,-1,,Interleukin-1 beta,Homo Sapiens,8394358
9ILB,Monomer,A,LEU,10,THR,-1,,Interleukin-1 beta,Homo Sapiens,8394358
9ILB,Monomer,A,THR,9,ALA,0,,Interleukin-1 beta,Homo Sapiens,8394358
9ILB,Monomer,A,THR,9,GLY,-1,,Interleukin-1 beta,Homo Sapiens,8394358
9ILB,Monomer,A,THR,9,LEU,-1,,Interleukin-1 beta,Homo Sapiens,8394358
9ILB,Monomer,A,THR,9,GLN,-1,,Interleukin-1 beta,Homo Sapiens,8394358
9ILB,Monomer,A,ARG,4,PRO,0,,interleukin-1 beta,Homo Sapiens,8394358
9ILB,Monomer,A,ARG,4,LYS,0,,interleukin-1 beta,Homo Sapiens,8394358
9ILB,Monomer,A,ARG,4,VAL,0,,interleukin-1 beta,Homo Sapiens,8394358
9ILB,Monomer,A,SER,5,GLY,0,,interleukin-1 beta,Homo Sapiens,8394358
9ILB,Monomer,A,SER,5,ARG,0,,interleukin-1 beta,Homo Sapiens,8394358
9ILB,Monomer,A,SER,5,GLU,0,,interleukin-1 beta,Homo Sapiens,8394358
9ILB,Monomer,A,LEU,6,LYS,0,,interleukin-1 beta,Homo Sapiens,8394358
9ILB,Monomer,A,CYS,8,SER,-2,,interleukin-1 beta,Homo Sapiens,8394358
9ILB,Monomer,A,THR,9,TRP,-1,,interleukin-1 beta,Homo Sapiens,8394358
9ILB,Monomer,A,LEU,10,CYS,-1,,interleukin-1 beta,Homo Sapiens,8394358
9ILB,Monomer,A,LEU,10,TYR,-1,,interleukin-1 beta,Homo Sapiens,8394358
9ILB,Monomer,A,LEU,10,PHE,-1,,interleukin-1 beta,Homo Sapiens,8394358
9ILB,Monomer,A,LEU,80,VAL,-1,,interleukin-1 beta,Homo Sapiens,8394358
9ILB,Monomer,A,ASP,76,GLY,-1,,interleukin-1 beta,Homo Sapiens,8394358
9ILB,Monomer,A,LYS,74,GLU,-2,,interleukin-1 beta,Homo Sapiens,8394358
9ILB,Monomer,A,LYS,88,VAL,-2,,interleukin-1 beta,Homo Sapiens,8394358
9ILB,Monomer,A,LYS,88,GLY,-2,,interleukin-1 beta,Homo Sapiens,8394358
9ILB,Monomer,A,LYS,88,LEU,-1,,interleukin-1 beta,Homo Sapiens,8394358
9ILB,Monomer,A,ASN,89,PHE,-2,,interleukin-1 beta,Homo Sapiens,8394358
9ILB,Monomer,A,ASN,89,ARG,-1,,interleukin-1 beta,Homo Sapiens,8394358
9ILB,Monomer,A,ASN,89,GLY,-2,,interleukin-1 beta,Homo Sapiens,8394358
9ILB,Monomer,A,ASN,89,CYS,-2,,interleukin-1 beta,Homo Sapiens,8394358
9ILB,Monomer,A,TYR,90,ARG,-2,,interleukin-1 beta,Homo Sapiens,8394358
9ILB,Monomer,A,TYR,90,VAL,-2,,interleukin-1 beta,Homo Sapiens,8394358
9ILB,Monomer,A,TYR,90,SER,-1,,interleukin-1 beta,Homo Sapiens,8394358
9ILB,Monomer,A,TYR,90,LEU,-2,,interleukin-1 beta,Homo Sapiens,8394358
9ILB,Monomer,A,LYS,92,MET,0,,interleukin-1 beta,Homo Sapiens,8394358
9ILB,Monomer,A,LYS,93,MET,0,,interleukin-1 beta,Homo Sapiens,8394358
9ILB,Monomer,A,LYS,93,ARG,0,,interleukin-1 beta,Homo Sapiens,8394358
9ILB,Monomer,A,LYS,94,MET,0,,interleukin-1 beta,Homo Sapiens,8394358
9ILB,Monomer,A,LYS,94,TRP,0,,interleukin-1 beta,Homo Sapiens,8394358
9ILB,Monomer,A,LYS,94,GLY,0,,interleukin-1 beta,Homo Sapiens,8394358
9ILB,Monomer,A,MET,95,ARG,-2,,interleukin-1 beta,Homo Sapiens,8394358
9ILB,Monomer,A,GLU,96,VAL,-2,,interleukin-1 beta,Homo Sapiens,8394358
9ILB,Monomer,A,GLU,96,GLY,-1,,interleukin-1 beta,Homo Sapiens,8394358
9ILB,Monomer,A,ARG,4,SER,-1,,interleukin-1 beta,Homo Sapiens,8394358
9ILB,Monomer,A,ARG,4,GLN,-1,,interleukin-1 beta,Homo Sapiens,8394358
9ILB,Monomer,A,LEU,6,ALA,-1,,interleukin-1 beta,Homo Sapiens,8394358
9ILB,Monomer,A,ASN,7,CYS,-1,,interleukin-1 beta,Homo Sapiens,8394358
9ILB,Monomer,A,ASN,7,GLY,-1,,interleukin-1 beta,Homo Sapiens,8394358
9ILB,Monomer,A,THR,9,GLU,-2,,interleukin-1 beta,Homo Sapiens,8394358
9ILB,Monomer,A,LEU,10,SER,-1,,interleukin-1 beta,Homo Sapiens,8394358
9ILB,Monomer,A,LEU,10,ALA,-1,,interleukin-1 beta,Homo Sapiens,8394358
9ILB,Monomer,A,THR,79,ALA,-2,,interleukin-1 beta,Homo Sapiens,8394358
3MZS_A,Monomer,A,PHE,220,SER,-1,,CYP11A1,Bos Taurus,20538078
3MZS_A,Monomer,A,ILE,13,SER,-1,,CYP11A1,Bos Taurus,20538078
3MZS_A,Monomer,A,ILE,245,SER,-1,,CYP11A1,Bos Taurus,20538078
3MZS_A,Monomer,A,ILE,328,SER,1,,CYP11A1,Bos Taurus,20538078
3MZS_A,Monomer,A,ILE,409,SER,-1,,CYP11A1,Bos Taurus,20538078
3MZS_A,Monomer,A,ILE,451,SER,-2,,CYP11A1,Bos Taurus,20538078
3MZS_A,Monomer,A,ILE,457,SER,-2,,CYP11A1,Bos Taurus,20538078
3MZS_A,Monomer,A,ILE,468,SER,0,,CYP11A1,Bos Taurus,20538078
3MZS_A,Monomer,A,ILE,99,SER,0,,CYP11A1,Bos Taurus,20538078
3MZS_A,Monomer,A,LYS,194,GLU,2,,CYP11A1,Bos Taurus,20538078
3MZS_A,Monomer,A,LEU,184,SER,0,,CYP11A1,Bos Taurus,20538078
3MZS_A,Monomer,A,LEU,209,SER,-1,,CYP11A1,Bos Taurus,20538078
3MZS_A,Monomer,A,LEU,210,SER,-1,,CYP11A1,Bos Taurus,20538078
3MZS_A,Monomer,A,LEU,216,SER,2,,CYP11A1,Bos Taurus,20538078
3MZS_A,Monomer,A,LEU,219,SER,-1,,CYP11A1,Bos Taurus,20538078
3MZS_A,Monomer,A,LEU,22,SER,-1,,CYP11A1,Bos Taurus,20538078
3MZS_A,Monomer,A,LEU,273,SER,-1,,CYP11A1,Bos Taurus,20538078
3MZS_A,Monomer,A,LEU,274,SER,-1,,CYP11A1,Bos Taurus,20538078
3MZS_A,Monomer,A,LEU,307,SER,-1,,CYP11A1,Bos Taurus,20538078
3MZS_A,Monomer,A,LEU,318,SER,-1,,CYP11A1,Bos Taurus,20538078
3MZS_A,Monomer,A,LEU,363,SER,-1,,CYP11A1,Bos Taurus,20538078
3MZS_A,Monomer,A,LEU,365,SER,-1,,CYP11A1,Bos Taurus,20538078
3MZS_A,Monomer,A,LEU,369,SER,-1,,CYP11A1,Bos Taurus,20538078
3MZS_A,Monomer,A,LEU,402,SER,-1,,CYP11A1,Bos Taurus,20538078
3MZS_A,Monomer,A,VAL,212,SER,-1,,CYP11A1,Bos Taurus,20538078
3MZS_A,Monomer,A,VAL,229,SER,-1,,CYP11A1,Bos Taurus,20538078
3MZS_A,Monomer,A,VAL,364,SER,-1,,CYP11A1,Bos Taurus,20538078
3MZS_A,Monomer,A,VAL,454,SER,-2,,CYP11A1,Bos Taurus,20538078
3MZS_A,Monomer,A,VAL,471,SER,-1,,CYP11A1,Bos Taurus,20538078
3MZS_A,Monomer,A,TRP,225,SER,0,,CYP11A1,Bos Taurus,20538078
3MZS_A,Monomer,A,TYR,217,SER,1,,CYP11A1,Bos Taurus,20538078
6FYQ,Monomer,A,PHE,16,THR,-2,,VbTA,Virgibacillus 21D,30401905
1LLS,Monomer,A,ALA,63,GLU,0,,Maltodextrin-binding protein,Escherichia Coli,11344330
1LLS,Monomer,A,ILE,317,GLU,0,,Maltodextrin-binding protein,Escherichia Coli,11344330
1LLS,Monomer,A,TRP,230,GLU,0,,Maltodextrin-binding protein,Escherichia Coli,11344330
1LLS,Monomer,A,TRP,232,GLU,0,,Maltodextrin-binding protein,Escherichia Coli,11344330
1LLS,Monomer,A,TRP,340,GLU,0,,Maltodextrin-binding protein,Escherichia Coli,11344330
1LLS,Monomer,A,TRP,62,GLU,0,,Maltodextrin-binding protein,Escherichia Coli,11344330
1LLS,Monomer,A,TYR,155,GLU,0,,Maltodextrin-binding protein,Escherichia Coli,11344330
1LLS,Monomer,A,TYR,242,GLU,0,,Maltodextrin-binding protein,Escherichia Coli,11344330
1LLS,Monomer,A,TYR,210,ALA,0,,Maltodextrin-binding protein,Escherichia Coli,11344330
1LLS,Monomer,A,TYR,283,ASP,-2,,Maltodextrin-binding protein,Escherichia Coli,11344330
1Z0Q,Monomer,A,PHE,19,ILE,0,,Alzheimer's Disease Abeta Peptide,Homo Sapiens,16420488
1Z0Q,Monomer,A,PHE,19,VAL,0,,Alzheimer's Disease Abeta Peptide,Homo Sapiens,16420488
1Z0Q,Monomer,A,PHE,19,LEU,1,,Alzheimer's Disease Abeta Peptide,Homo Sapiens,16420488
1Z0Q,Monomer,A,PHE,19,TYR,1,,Alzheimer's Disease Abeta Peptide,Homo Sapiens,16420488
1Z0Q,Monomer,A,PHE,19,TRP,1,,Alzheimer's Disease Abeta Peptide,Homo Sapiens,16420488
1Z0Q,Monomer,A,PHE,19,MET,1,,Alzheimer's Disease Abeta Peptide,Homo Sapiens,16420488
1Z0Q,Monomer,A,PHE,19,CYS,1,,Alzheimer's Disease Abeta Peptide,Homo Sapiens,16420488
1Z0Q,Monomer,A,PHE,19,ALA,2,,Alzheimer's Disease Abeta Peptide,Homo Sapiens,16420488
1Z0Q,Monomer,A,PHE,19,SER,2,,Alzheimer's Disease Abeta Peptide,Homo Sapiens,16420488
1Z0Q,Monomer,A,PHE,19,PRO,2,,Alzheimer's Disease Abeta Peptide,Homo Sapiens,16420488
1Z0Q,Monomer,A,PHE,19,LYS,2,,Alzheimer's Disease Abeta Peptide,Homo Sapiens,16420488
1Z0Q,Monomer,A,PHE,19,GLY,2,,Alzheimer's Disease Abeta Peptide,Homo Sapiens,16420488
1Z0Q,Monomer,A,PHE,19,THR,2,,Alzheimer's Disease Abeta Peptide,Homo Sapiens,16420488
1Z0Q,Monomer,A,PHE,19,HIS,2,,Alzheimer's Disease Abeta Peptide,Homo Sapiens,16420488
1Z0Q,Monomer,A,PHE,19,GLN,2,,Alzheimer's Disease Abeta Peptide,Homo Sapiens,16420488
1Z0Q,Monomer,A,PHE,19,ARG,2,,Alzheimer's Disease Abeta Peptide,Homo Sapiens,16420488
1Z0Q,Monomer,A,PHE,19,ASN,2,,Alzheimer's Disease Abeta Peptide,Homo Sapiens,16420488
1Z0Q,Monomer,A,PHE,19,GLU,2,,Alzheimer's Disease Abeta Peptide,Homo Sapiens,16420488
1Z0Q,Monomer,A,PHE,19,ASP,2,,Alzheimer's Disease Abeta Peptide,Homo Sapiens,16420488
1Z0Q,Monomer,A,GLU,22,GLN,-1,,Alzheimer's Disease Abeta Peptide,Homo Sapiens,16420488
1Z0Q,Monomer,A,GLU,22,GLY,-1,,Alzheimer's Disease Abeta Peptide,Homo Sapiens,16420488
1Z0Q,Monomer,A,GLU,22,LYS,-1,,Alzheimer's Disease Abeta Peptide,Homo Sapiens,20590832
1Z0Q,Monomer,A,GLU,22,PRO,-2,,Alzheimer's Disease Abeta Peptide,Homo Sapiens,20590832
1Z0Q,Monomer,A,GLU,22,VAL,1,,Alzheimer's Disease Abeta Peptide,Homo Sapiens,20590832
1Z0Q,Monomer,A,ASP,23,ASN,0,,Alzheimer's Disease Abeta Peptide,Homo Sapiens,20590832
1Z0Q,Monomer,A,ALA,21,GLY,1,,Alzheimer's Disease Abeta Peptide,Homo Sapiens,16420488
Model_06_AF,Homo4,A,SER,388,THR,-2,,Xylose isomerase,Lactococcus lactis subsp. lactis IO-1,15240315
Model_06_AF,Homo4,A,SER,247,ALA,0,,Xylose isomerase,Lactococcus lactis subsp. lactis IO-1,15240315
Model_06_AF,Homo4,A,LYS,407,GLU,0,,Xylose isomerase,Lactococcus lactis subsp. lactis IO-1,15240315
Model_07_AF,Monomer,A,TYR,311,CYS,1,,Isopenicillin N synthase,Streptomyces clavuligerus,https://doi.org/10.1016/S1381-1177(98)00072-1
Model_07_AF,Monomer,A,LYS,199,ARG,0,,Isopenicillin N synthase,Streptomyces clavuligerus,https://doi.org/10.1016/S1381-1177(98)00072-1
Model_07_AF,Monomer,A,ASP,214,ALA,-2,,Isopenicillin N synthase,Streptomyces clavuligerus,https://doi.org/10.1016/S1381-1177(98)00072-1
Model_07_AF,Monomer,A,GLN,328,LEU,0,,Isopenicillin N synthase,Streptomyces clavuligerus,https://doi.org/10.1016/S1381-1177(98)00072-1
2C9V,Homo2,A,ALA,4,VAL,0,,Superoxide dismutase 1,Homo Sapiens,10400992
2C9V,Homo2,A,GLY,37,ARG,0,,Superoxide dismutase 1,Homo Sapiens,10400992
2C9V,Homo2,A,GLY,85,ARG,0,,Superoxide dismutase 1,Homo Sapiens,10400992
2C9V,Homo2,A,ILE,113,THR,0,,Superoxide dismutase 1,Homo Sapiens,10400992
2C9V,Homo2,A,GLY,41,ASP,0,,Superoxide dismutase 1,Homo Sapiens,10400992
2C9V,Homo2,A,GLY,93,CYS,1,,Superoxide dismutase 1,Homo Sapiens,10400992
1BLI,Monomer,A,ALA,390,ILE,2,,Alpha Amylase,Bacillus Licheniformis,26707400
1BLI,Monomer,A,ALA,390,LYS,-2,,Alpha Amylase,Bacillus Licheniformis,26707400
1BLI,Monomer,A,ALA,390,ASP,-2,,Alpha Amylase,Bacillus Licheniformis,26707400
1BLI,Monomer,A,ALA,390,GLN,-2,,Alpha Amylase,Bacillus Licheniformis,26707400
1BLI,Monomer,A,ALA,390,PHE,-2,,Alpha Amylase,Bacillus Licheniformis,26707400
1BLI,Monomer,A,ASP,401,VAL,-2,,Alpha Amylase,Bacillus Licheniformis,26707400
1BLI,Monomer,A,ASP,401,VAL,-2,,Alpha Amylase,Bacillus Licheniformis,26707400
1BLI,Monomer,A,ASP,401,GLU,-1,,Alpha Amylase,Bacillus Licheniformis,26707400
1BLI,Monomer,A,ASP,401,ASN,-1,,Alpha Amylase,Bacillus Licheniformis,26707400
3GXP,Homo2,A,ASP,165,TYR,-2,,Alpha-galactosidase A,Homo sapiens,26905391
3GXP,Homo2,A,ALA,288,ASP,-2,,Alpha-galactosidase A,Homo sapiens,26905391
3GXP,Homo2,A,ALA,348,ARG,1,,Alpha-galactosidase A,Homo sapiens,26905391
3GXP,Homo2,A,ALA,368,ARG,0,,Alpha-galactosidase A,Homo sapiens,26905391
3GXP,Homo2,A,ALA,368,PRO,1,,Alpha-galactosidase A,Homo sapiens,26905391
3GXP,Homo2,A,SER,405,LEU,1,,Alpha-galactosidase A,Homo sapiens,26905391
Model_09_AF,Monomer,A,LYS,146,ALA,0,,Metalloproteinase inhibitor 3,Homo Sapiens,17202148
Model_09_AF,Monomer,A,LYS,148,ALA,0,,Metalloproteinase inhibitor 3,Homo Sapiens,17202148
Model_09_AF,Monomer,A,LYS,160,ALA,0,,Metalloproteinase inhibitor 3,Homo Sapiens,17202148
Model_09_AF,Monomer,A,LYS,188,ALA,0,,Metalloproteinase inhibitor 3,Homo Sapiens,17202148
Model_09_AF,Monomer,A,ARG,186,ALA,0,,Metalloproteinase inhibitor 3,Homo Sapiens,17202148
1M2Z,Hetero4,A,SER,602,PHE,-2,,Glucocorticoid receptor,Homo Sapiens,12151000
1M2Z,Hetero4,A,PRO,625,ALA,-1,,Glucocorticoid receptor,Homo Sapiens,12151000
1M2Z,Hetero4,A,ILE,628,ALA,0,,Glucocorticoid receptor,Homo Sapiens,12151000
1HZW,Homo2,A,CYS,43,GLU,1,,Thymidylate synthase (TS),Homo Sapiens,McElroy et 1992
1HZW,Homo2,A,ASP,116,ASN,0,,Thymidylate synthase (TS),Homo Sapiens,McElroy et 1992
1HZW,Homo2,A,ASP,48,ASN,0,,Thymidylate synthase (TS),Homo Sapiens,McElroy et 1992
1HZW,Homo2,A,ASP,69,LYS,0,,Thymidylate synthase (TS),Homo Sapiens,McElroy et 1992
1HZW,Homo2,A,ASP,69,ASN,1,,Thymidylate synthase (TS),Homo Sapiens,McElroy et 1992
1HZW,Homo2,A,LYS,169,LEU,0,,Thymidylate synthase (TS),Homo Sapiens,McElroy et 1992
1HZW,Homo2,A,ARG,42,ASP,0,,Thymidylate synthase (TS),Homo Sapiens,McElroy et 1992
1HZW,Homo2,A,ARG,42,ASN,-1,,Thymidylate synthase (TS),Homo Sapiens,McElroy et 1992
1HZW,Homo2,A,ARG,46,GLU,-1,,Thymidylate synthase (TS),Homo Sapiens,McElroy et 1992
1HMY,Monomer,A,MET,51,LEU,0,,DNA methyltransferase,Haemophilus parahaemolyticus,12736373
1HMY,Monomer,A,VAL,213,SER,0,,DNA methyltransferase,Haemophilus parahaemolyticus,12736373
1PFS,Homo2,A,HIS,36,PHE,-2,,PF3 SINGLE-STRANDED DNA BINDING PROTEIN,Pseudomonas phage Pf3,7925383
1FGA,Monomer,A,CYS,87,SER,0,,Basic fibroblast growth factor,Homo Sapiens,1368488
1FGA,Monomer,A,CYS,69,SER,-1,,Basic fibroblast growth factor,Homo Sapiens,1368488
Model_13_AF,Homo2,A,LEU,165,PRO,-2,,Matrix protein,Measles virus,19397874
Model_13_AF,Homo2,A,LEU,250,PRO,-2,,Matrix protein,Measles virus,19397874
Model_13_AF,Homo2,A,TYR,282,HIS,-2,,Matrix protein,Measles virus,19397874
4YE6,Monomer,A,ARG,403,TRP,-1,,Glutamine--tRNA ligase,Homo Sapiens,1351170
4YE6,Monomer,A,ARG,515,TRP,-1,,Glutamine--tRNA ligase,Homo Sapiens,1351170
4YE6,Monomer,A,GLY,45,VAL,0,,Glutamine--tRNA ligase,Homo Sapiens,1351170
4YE6,Monomer,A,TYR,57,HIS,0,,Glutamine--tRNA ligase,Homo Sapiens,1351170
2X6G_AB,Homo2,A,ALA,26,ASP,1,,"rhMIP-1 alpha, BB-10010",Homo Sapiens,8541527
2GE9,Monomer,A,CYS,68,SER,0,,Src homology 2 (SH2) Bruton's Tyrosine Kinase,Homo Sapiens,1684918
2GE9,Monomer,A,GLY,33,GLU,-1,,Src homology 2 (SH2) Bruton's Tyrosine Kinase,Homo Sapiens,1684918
2GE9,Monomer,A,HIS,93,GLN,-2,,Src homology 2 (SH2) Bruton's Tyrosine Kinase,Homo Sapiens,1684918
2GE9,Monomer,A,LEU,89,PHE,-1,,Src homology 2 (SH2) Bruton's Tyrosine Kinase,Homo Sapiens,1684918
2GE9,Monomer,A,ARG,38,GLY,0,,Src homology 2 (SH2) Bruton's Tyrosine Kinase,Homo Sapiens,1684918
2GE9,Monomer,A,TYR,65,SER,-2,,Src homology 2 (SH2) Bruton's Tyrosine Kinase,Homo Sapiens,1684918
2GE9,Monomer,A,TYR,92,CYS,-1,,Src homology 2 (SH2) Bruton's Tyrosine Kinase,Homo Sapiens,1684918
1MUY,Homo2,A,CYS,199,ALA,-2,,Adenine glycosilase,Escherichia Coli,12667065
3K75_SM_modif,Monomer,B,GLU,69,LYS,0,,DNA repair protein XRCC1 (aa 1-157),Homo Sapiens,12527765
3K75_SM_modif,Monomer,B,PHE,67,ALA,0,,DNA repair protein XRCC1 (aa 1-157),Homo Sapiens,12527765
3K75_SM_modif,Monomer,B,HIS,20,ALA,0,,DNA repair protein XRCC1 (aa 1-157),Homo Sapiens,12527765
3K75_SM_modif,Monomer,B,LYS,129,GLU,-2,,DNA repair protein XRCC1 (aa 1-157),Homo Sapiens,12527765
3K75_SM_modif,Monomer,B,LYS,32,ALA,0,,DNA repair protein XRCC1 (aa 1-157),Homo Sapiens,12527765
3K75_SM_modif,Monomer,B,VAL,117,ARG,0,,DNA repair protein XRCC1 (aa 1-157),Homo Sapiens,12527765
3K75_SM_modif,Monomer,B,VAL,86,ARG,0,,DNA repair protein XRCC1 (aa 1-157),Homo Sapiens,12527765
3K75_SM_modif,Monomer,B,TYR,136,ALA,-1,,DNA repair protein XRCC1 (aa 1-157),Homo Sapiens,12527765
3K75_SM_modif,Monomer,B,ARG,109,SER,-1,,DNA repair protein XRCC1 (aa 1-157),Homo Sapiens,12527765
3K75_SM_modif,Monomer,B,ASN,104,ALA,-1,,DNA repair protein XRCC1 (aa 1-157),Homo Sapiens,12527765
3K75_SM_modif,Monomer,B,PHE,142,ALA,-1,,DNA repair protein XRCC1 (aa 1-157),Homo Sapiens,12527765
3K75_SM_modif,Monomer,B,GLU,98,ALA,-1,,DNA repair protein XRCC1 (aa 1-157),Homo Sapiens,12527765
3K75_SM_modif,Monomer,B,GLU,98,LYS,-2,,DNA repair protein XRCC1 (aa 1-157),Homo Sapiens,12527765
3K75_SM_modif,Monomer,B,GLU,98,ARG,-2,,DNA repair protein XRCC1 (aa 1-157),Homo Sapiens,12527765
Model_19_AF,Monomer,A,GLY,24,ASP,0,,VH,Homo Sapiens,22745168
Model_19_AF,Monomer,A,THR,26,ASP,0,,VH,Homo Sapiens,22745168
Model_19_AF,Monomer,A,SER,28,ASP,1,,VH,Homo Sapiens,22745168
Model_19_AF,Monomer,A,SER,29,ASP,0,,VH,Homo Sapiens,22745168
Model_19_AF,Monomer,A,TYR,30,ASP,0,,VH,Homo Sapiens,22745168
Model_19_AF,Monomer,A,ALA,31,ASP,0,,VH,Homo Sapiens,22745168
Model_19_AF,Monomer,A,SER,33,ASP,0,,VH,Homo Sapiens,22745168
Model_19_AF,Monomer,A,GLN,37,ASP,0,,VH,Homo Sapiens,22745168
Model_19_AF,Monomer,A,ALA,38,ASP,0,,VH,Homo Sapiens,22745168
Model_19_AF,Monomer,A,ALA,48,ASP,0,,VH,Homo Sapiens,22745168
Model_19_AF,Monomer,A,SER,50,ASP,0,,VH,Homo Sapiens,22745168
Model_19_AF,Monomer,A,GLY,51,ASP,-1,,VH,Homo Sapiens,22745168
Model_19_AF,Monomer,A,SER,52,ASP,0,,VH,Homo Sapiens,22745168
Model_19_AF,Monomer,A,GLY,53,ASP,0,,VH,Homo Sapiens,22745168
1XPB_AF,Monomer,A,ASN,134,TYR,0,,Beta-Lactamase TEM-1,Escherichia Coli,24567513
1XPB_AF,Monomer,A,ASN,134,PHE,-1,,Beta-Lactamase TEM-1,Escherichia Coli,24567513
1XPB_AF,Monomer,A,ARG,241,GLU,0,,Beta-Lactamase TEM-1,Escherichia Coli,24567513
1XPB_AF,Monomer,A,ASP,174,ARG,1,,Beta-Lactamase TEM-1,Escherichia Coli,24567513
1XPB_AF,Monomer,A,ASP,174,VAL,-1,,Beta-Lactamase TEM-1,Escherichia Coli,24567513
1XPB_AF,Monomer,A,MET,66,SER,-1,,Beta-Lactamase TEM-1,Escherichia Coli,24567513
1XPB_AF,Monomer,A,THR,179,VAL,-1,,Beta-Lactamase TEM-1,Escherichia Coli,24567513
1XPB_AF,Monomer,A,LEU,136,THR,-1,,Beta-Lactamase TEM-1,Escherichia Coli,24567513
1XPB_AF,Monomer,A,ILE,125,ALA,-1,,Beta-Lactamase TEM-1,Escherichia Coli,24567513
1XPB_AF,Monomer,A,THR,178,ASN,-2,,Beta-Lactamase TEM-1,Escherichia Coli,24567513
1XPB_AF,Monomer,A,THR,178,ILE,-2,,Beta-Lactamase TEM-1,Escherichia Coli,24567513
1XPB_AF,Monomer,A,PRO,143,TYR,-2,,Beta-Lactamase TEM-1,Escherichia Coli,24567513
1XPB_AF,Monomer,A,TRP,208,SER,-1,,Beta-Lactamase TEM-1,Escherichia Coli,24567513
1XPB_AF,Monomer,A,ASP,83,ARG,-1,,Beta-Lactamase TEM-1,Escherichia Coli,24567513
1XPB_AF,Monomer,A,LEU,89,ARG,0,,Beta-Lactamase TEM-1,Escherichia Coli,24567513
1XPB_AF,Monomer,A,LYS,53,PRO,-1,,Beta-Lactamase TEM-1,Escherichia Coli,24567513
1XPB_AF,Monomer,A,LEU,135,ASN,0,,Beta-Lactamase TEM-1,Escherichia Coli,24567513
1XPB_AF,Monomer,A,ASP,83,ILE,-2,,Beta-Lactamase TEM-1,Escherichia Coli,24567513
1XPB_AF,Monomer,A,GLU,35,HIS,-1,,Beta-Lactamase TEM-1,Escherichia Coli,24567513
1XPB_AF,Monomer,A,ILE,125,SER,0,,Beta-Lactamase TEM-1,Escherichia Coli,24567513
1XPB_AF,Monomer,A,LEU,135,TRP,-1,,Beta-Lactamase TEM-1,Escherichia Coli,24567513
1XPB_AF,Monomer,A,PRO,143,LEU,-1,,Beta-Lactamase TEM-1,Escherichia Coli,24567513
1XPB_AF,Monomer,A,GLY,142,ARG,-1,,Beta-Lactamase TEM-1,Escherichia Coli,24567513
1XPB_AF,Monomer,A,TYR,44,ALA,-2,,Beta-Lactamase TEM-1,Escherichia Coli,24567513
1XPB_AF,Monomer,A,THR,178,GLN,-2,,Beta-Lactamase TEM-1,Escherichia Coli,24567513
Model_49_AF,Monomer,A,ASN,131,ASP,1,,Dihydrofolate reductase,Staphylococcus epidermidis,7971955
Model_49_AF,Monomer,A,ASN,49,GLU,2,,Dihydrofolate reductase,Staphylococcus epidermidis,7971955
Model_49_AF,Monomer,A,GLN,18,ASP,0,,Dihydrofolate reductase,Staphylococcus epidermidis,7971955
Model_49_AF,Monomer,A,GLN,66,ASP,1,,Dihydrofolate reductase,Staphylococcus epidermidis,7971955
6Q3W,Monomer,A,ALA,384,PRO,-2,,Galactokinase,Homo Sapiens,12694189
6Q3W,Monomer,A,GLY,36,ARG,-2,,Galactokinase,Homo Sapiens,12694189
6Q3W,Monomer,A,PRO,28,THR,-2,,Galactokinase,Homo Sapiens,12694189
6Q3W,Monomer,A,THR,288,MET,-2,,Galactokinase,Homo Sapiens,12694189
6Q3W,Monomer,A,VAL,32,MET,-2,,Galactokinase,Homo Sapiens,12694189
6Q3W,Monomer,A,ARG,68,CYS,-1,,Galactokinase,Homo Sapiens,12694189
6Q3W,Monomer,A,ALA,198,VAL,0,,Galactokinase,Homo Sapiens,12694189
6Q3W,Monomer,A,GLY,346,SER,0,,Galactokinase,Homo Sapiens,12694189
6Q3W,Monomer,A,GLY,349,SER,0,,Galactokinase,Homo Sapiens,12694189
6Q3W,Monomer,A,HIS,44,TYR,0,,Galactokinase,Homo Sapiens,12694189
4CG4,Homo2,A,MET,694,ILE,0,,Pyrin,Homo Sapiens,24318677
4CG4,Homo2,A,MET,694,VAL,0,,Pyrin,Homo Sapiens,24318677
2FJT_AF,Homo2,A,ASP,22,ALA,-1,,"Adenylate cyclase, class IV",Yersinia pestis,20160955
2FJT_AF,Homo2,A,ASP,22,ASN,-1,,"Adenylate cyclase, class IV",Yersinia pestis,20160955
2FJT_AF,Homo2,A,MET,21,LYS,0,,"Adenylate cyclase, class IV",Yersinia pestis,20160955
2FJT_AF,Homo2,A,GLU,28,LYS,0,,"Adenylate cyclase, class IV",Yersinia pestis,20160955
2FJT_AF,Homo2,A,ASP,58,LYS,0,,"Adenylate cyclase, class IV",Yersinia pestis,20160955
2ILT,Homo2,A,LEU,266,GLU,0,,11beta-hydroxysteroid dehydrogenase,Homo Sapiens,19507261
2ILT,Homo2,A,ILE,275,GLU,1,,11beta-hydroxysteroid dehydrogenase,Homo Sapiens,19507261
2ILT,Homo2,A,PHE,278,GLU,2,,11beta-hydroxysteroid dehydrogenase,Homo Sapiens,19507261
2ILT,Homo2,A,LEU,279,GLU,1,,11beta-hydroxysteroid dehydrogenase,Homo Sapiens,19507261
2ILT,Homo2,A,LYS,187,ASN,-2,,11beta-hydroxysteroid dehydrogenase,Homo Sapiens,19507261
2ILT,Homo2,A,ARG,137,CYS,-2,,11beta-hydroxysteroid dehydrogenase,Homo Sapiens,19507261
1XSE,Homo2,A,TYR,266,GLU,1,,11beta-hydroxysteroid dehydrogenase,Cavia porcellus,19507261
1XSE,Homo2,A,ILE,275,GLU,2,,11beta-hydroxysteroid dehydrogenase,Cavia porcellus,19507261
1XSE,Homo2,A,PHE,278,GLU,2,,11beta-hydroxysteroid dehydrogenase,Cavia porcellus,19507261
1XSE,Homo2,A,LEU,279,GLU,2,,11beta-hydroxysteroid dehydrogenase,Cavia porcellus,19507261
1OKI,Homo2,A,ARG,232,HIS,0,,Beta-crystallin B1,Homo Sapiens,25086334
5FTJ_PUC_SM,Homo6,A,PRO,137,LEU,-2,,Transitional endoplasmic reticulum ATPase,Homo Sapiens,23333620
5FTJ_PUC_SM,Homo6,A,ARG,155,CYS,0,,Transitional endoplasmic reticulum ATPase,Homo Sapiens,23333620
5FTJ_PUC_SM,Homo6,A,ARG,95,GLY,0,,Transitional endoplasmic reticulum ATPase,Homo Sapiens,23333620
1UCF,Homo2,A,GLU,163,LYS,0,,Protein deglycase DJ-1,Homo Sapiens,18822273
1UCF,Homo2,A,LEU,166,PRO,-2,,Protein deglycase DJ-1,Homo Sapiens,15976810
1UCF,Homo2,A,CYS,106,SER,0,,Protein deglycase DJ-1,Homo Sapiens,15976810
1UCF,Homo2,A,LYS,130,ARG,0,,Protein deglycase DJ-1,Homo Sapiens,15976810
Model_56_AF,Homo6,A,ARG,62,HIS,0,,Uridylate kinase,Escherichia Coli,9457846
Model_56_AF,Homo6,A,ASP,77,ASN,0,,Uridylate kinase,Escherichia Coli,9457846
Model_56_AF,Homo6,A,ASP,146,ASN,0,,Uridylate kinase,Escherichia Coli,9457846
Model_56_AF,Homo6,A,ASP,159,ASN,2,,Uridylate kinase,Escherichia Coli,9457846
Model_56_AF,Homo6,A,ASP,168,ASN,0,,Uridylate kinase,Escherichia Coli,9457846
Model_56_AF,Homo6,A,ASP,174,ASN,0,,Uridylate kinase,Escherichia Coli,9457846
Model_56_AF,Homo6,A,ASP,201,ASN,2,,Uridylate kinase,Escherichia Coli,9457846
4V06,Monomer,A,ARG,303,TRP,-2,,Tryptophan 5-hydroxylase 2,Homo Sapiens,18347598
4V06,Monomer,A,PRO,449,ARG,0,,Tryptophan 5-hydroxylase 2,Homo Sapiens,17181551
4V06,Monomer,A,ARG,441,HIS,-2,,Tryptophan 5-hydroxylase 2,Homo Sapiens,17181551
1QGD,Homo2,A,ALA,29,GLU,-1,-30%,Transketolase,Escherichia Coli,22154561
1QGD,Homo2,A,HIS,461,SER,-2,-60%,Transketolase,Escherichia Coli,22154561
1QGD,Homo2,A,ARG,520,VAL,-2,-65%,Transketolase,Escherichia Coli,22154561
1QGD,Homo2,A,ASP,469,THR,-1,-50%,Transketolase,Escherichia Coli,22154561
1QGD,Homo2,A,ASP,469,ALA,-1,-50%,Transketolase,Escherichia Coli,22154561
1QGD,Homo2,A,ASP,259,ALA,-1,-40%,Transketolase,Escherichia Coli,22154561
1QGD,Homo2,A,ASP,259,GLY,-1,-30%,Transketolase,Escherichia Coli,22154561
1QGD,Homo2,A,ASP,259,SER,-1,-30%,Transketolase,Escherichia Coli,22154561
1QGD,Homo2,A,ASP,259,TYR,-2,-60%,Transketolase,Escherichia Coli,22154561
1QGD,Homo2,A,ARG,520,GLN,1,40%,Transketolase,Escherichia Coli,22154561
1QGD,Homo2,A,ASP,469,TYR,-1,-30%,Transketolase,Escherichia Coli,22154561
1QGD,Homo2,A,ASP,469,SER,-1,-30%,Transketolase,Escherichia Coli,22154561
1QGD,Homo2,A,GLU,498,ASP,-2,-70%,Transketolase,Escherichia Coli,22154561
1XWW,Monomer,A,CYS,109,SER,0,,Low molecular weight Tyrosin Phosphatase,Homo Sapiens,19324012
1XWW,Monomer,A,CYS,62,SER,0,,Low molecular weight Tyrosin Phosphatase,Homo Sapiens,19324012
1XWW,Monomer,A,CYS,90,SER,0,,Low molecular weight Tyrosin Phosphatase,Homo Sapiens,19324012
2QUG,Monomer,A,MET,358,LEU,0,6%,Alpha-1-antitrypsin,Homo Sapiens,7764716
2QUG,Monomer,A,MET,358,ARG,0,-3%,Alpha-1-antitrypsin,Homo Sapiens,7764716
2QUG,Monomer,A,MET,351,GLU,2,>2.2,Alpha-1-antitrypsin,Homo Sapiens,7764716
2QUG,Monomer,A,THR,345,ARG,-1,-12%,Alpha-1-antitrypsin,Homo Sapiens,7764716
2QUG,Monomer,A,THR,345,LEU,-2,-60%,Alpha-1-antitrypsin,Homo Sapiens,7764716
2QUG,Monomer,A,PRO,357,ALA,-2,-70%,Alpha-1-antitrypsin,Homo Sapiens,7764716
1W99,Homo3,A,ILE,189,LEU,0,,Toxin Cry4Ba,Bacillus thuringiensis,14529489
1W99,Homo3,A,LEU,175,VAL,0,,Toxin Cry4Ba,Bacillus thuringiensis,14529489
2CY8,Monomer,A,ASN,439,ASP,2,">2,5",D-phenylglycine aminotransferase,Pseudomonas stutzeri,22832812
2CY8,Monomer,A,GLN,444,GLU,2,">3,3",D-phenylglycine aminotransferase,Pseudomonas stutzeri,22832812
Model_57_AF,Monomer,A,LYS,262,ARG,0,,Cytochrome P450 2B6,Homo Sapiens,19074527
5U9A,Monomer,A,HIS,82,TYR,0,,Aryl-hydrocarbon interacting protein-like-1,Homo Sapiens,16052170
2GVA,Homo2,A,HIS,41,TYR,-2,,DNA-Binding protein G5P,Bacteriophage M13,1761038
1NZX,Homo4,A,TYR,203,HIS,1,,Aldehyde dehydrogenase,Homo Sapiens,10631996
1MSC,Homo2,A,GLN,109,LEU,-2,,MS2 coat protein,Escherichia phage MS2,11713333
1MSC,Homo2,A,ILE,104,VAL,-2,,MS2 coat protein,Escherichia phage MS2,11713333
1MSC,Homo2,A,ASN,27,SER,0,,MS2 coat protein,Escherichia phage MS2,11713333
1MSC,Homo2,A,ALA,107,THR,0,,MS2 coat protein,Escherichia phage MS2,11713333
1MSC,Homo2,A,LYS,66,ARG,-1,,MS2 coat protein,Escherichia phage MS2,11713333
1MSC,Homo2,A,ALA,53,GLU,-1,,MS2 coat protein,Escherichia phage MS2,11713333
1MSC,Homo2,A,ILE,94,VAL,-1,,MS2 coat protein,Escherichia phage MS2,11713333
1MSC,Homo2,A,GLN,40,LEU,-1,,MS2 coat protein,Escherichia phage MS2,11713333
3VUB,Homo2,A,VAL,5,SER,-2,-67%,Toxin CcdB,Escherichia coli (strain K12),27563054
3VUB,Homo2,A,VAL,5,LEU,-2,-67%,Toxin CcdB,Escherichia coli (strain K12),27563054
3VUB,Homo2,A,TYR,6,GLY,-2,-89%,Toxin CcdB,Escherichia coli (strain K12),27563054
3VUB,Homo2,A,TYR,6,PRO,-2,-100%,Toxin CcdB,Escherichia coli (strain K12),27563054
3VUB,Homo2,A,LEU,16,GLU,-2,-89%,Toxin CcdB,Escherichia coli (strain K12),27563054
3VUB,Homo2,A,LEU,16,SER,-2,-55%,Toxin CcdB,Escherichia coli (strain K12),27563054
3VUB,Homo2,A,LEU,16,THR,0,,Toxin CcdB,Escherichia coli (strain K12),27563054
3VUB,Homo2,A,PHE,17,ASP,-2,-100%,Toxin CcdB,Escherichia coli (strain K12),27563054
3VUB,Homo2,A,PHE,17,SER,0,,Toxin CcdB,Escherichia coli (strain K12),27563054
3VUB,Homo2,A,VAL,18,ALA,-1,-22%,Toxin CcdB,Escherichia coli (strain K12),27563054
3VUB,Homo2,A,VAL,18,CYS,-1,-11%,Toxin CcdB,Escherichia coli (strain K12),27563054
3VUB,Homo2,A,VAL,18,ASP,-2,-89%,Toxin CcdB,Escherichia coli (strain K12),27563054
3VUB,Homo2,A,VAL,18,GLU,-2,-89%,Toxin CcdB,Escherichia coli (strain K12),27563054
3VUB,Homo2,A,VAL,18,PHE,-2,-67%,Toxin CcdB,Escherichia coli (strain K12),27563054
3VUB,Homo2,A,VAL,18,GLY,-2,-67%,Toxin CcdB,Escherichia coli (strain K12),27563054
3VUB,Homo2,A,VAL,18,HIS,-2,-78%,Toxin CcdB,Escherichia coli (strain K12),27563054
3VUB,Homo2,A,VAL,18,LYS,-2,-78%,Toxin CcdB,Escherichia coli (strain K12),27563054
3VUB,Homo2,A,VAL,18,LEU,0,,Toxin CcdB,Escherichia coli (strain K12),27563054
3VUB,Homo2,A,VAL,18,ARG,-2,-89%,Toxin CcdB,Escherichia coli (strain K12),27563054
3VUB,Homo2,A,VAL,18,SER,-1,-44%,Toxin CcdB,Escherichia coli (strain K12),27563054
3VUB,Homo2,A,VAL,18,THR,-1,-22%,Toxin CcdB,Escherichia coli (strain K12),27563054
3VUB,Homo2,A,VAL,18,TYR,-2,-78%,Toxin CcdB,Escherichia coli (strain K12),27563054
3VUB,Homo2,A,ASP,19,PHE,-1,-11%,Toxin CcdB,Escherichia coli (strain K12),27563054
3VUB,Homo2,A,ASP,19,ASN,-1,-44%,Toxin CcdB,Escherichia coli (strain K12),27563054
3VUB,Homo2,A,GLY,29,GLN,-1,-11%,Toxin CcdB,Escherichia coli (strain K12),27563054
3VUB,Homo2,A,GLY,29,TRP,-1,-33%,Toxin CcdB,Escherichia coli (strain K12),27563054
3VUB,Homo2,A,ARG,31,GLY,-1,-33%,Toxin CcdB,Escherichia coli (strain K12),27563054
3VUB,Homo2,A,MET,32,GLU,-1,-22%,Toxin CcdB,Escherichia coli (strain K12),27563054
3VUB,Homo2,A,MET,32,LEU,0,,Toxin CcdB,Escherichia coli (strain K12),27563054
3VUB,Homo2,A,MET,32,ASN,-2,-89%,Toxin CcdB,Escherichia coli (strain K12),27563054
3VUB,Homo2,A,MET,32,TRP,-1,-11%,Toxin CcdB,Escherichia coli (strain K12),27563054
3VUB,Homo2,A,VAL,33,ASP,-2,-55%,Toxin CcdB,Escherichia coli (strain K12),27563054
3VUB,Homo2,A,VAL,33,LYS,-2,-89%,Toxin CcdB,Escherichia coli (strain K12),27563054
3VUB,Homo2,A,VAL,33,MET,0,,Toxin CcdB,Escherichia coli (strain K12),27563054
3VUB,Homo2,A,VAL,33,ARG,-2,-89%,Toxin CcdB,Escherichia coli (strain K12),27563054
3VUB,Homo2,A,ILE,34,HIS,0,,Toxin CcdB,Escherichia coli (strain K12),27563054
3VUB,Homo2,A,LEU,36,LYS,-2,-100%,Toxin CcdB,Escherichia coli (strain K12),27563054
3VUB,Homo2,A,LEU,36,ASN,-2,-100%,Toxin CcdB,Escherichia coli (strain K12),27563054
3VUB,Homo2,A,LEU,36,SER,-2,-100%,Toxin CcdB,Escherichia coli (strain K12),27563054
3VUB,Homo2,A,ALA,37,MET,-1,-11%,Toxin CcdB,Escherichia coli (strain K12),27563054
3VUB,Homo2,A,ARG,40,ILE,1,11%,Toxin CcdB,Escherichia coli (strain K12),27563054
3VUB,Homo2,A,LEU,41,PHE,-2,-55%,Toxin CcdB,Escherichia coli (strain K12),27563054
3VUB,Homo2,A,SER,43,ARG,1,11%,Toxin CcdB,Escherichia coli (strain K12),27563054
3VUB,Homo2,A,PRO,52,THR,-1,-11%,Toxin CcdB,Escherichia coli (strain K12),27563054
3VUB,Homo2,A,VAL,54,ASP,-1,-44%,Toxin CcdB,Escherichia coli (strain K12),27563054
3VUB,Homo2,A,VAL,54,GLU,-1,-33%,Toxin CcdB,Escherichia coli (strain K12),27563054
3VUB,Homo2,A,VAL,54,GLY,-2,-78%,Toxin CcdB,Escherichia coli (strain K12),27563054
3VUB,Homo2,A,VAL,54,SER,-1,-44%,Toxin CcdB,Escherichia coli (strain K12),27563054
3VUB,Homo2,A,HIS,55,VAL,1,11%,Toxin CcdB,Escherichia coli (strain K12),27563054
3VUB,Homo2,A,ILE,56,ASP,-2,-89%,Toxin CcdB,Escherichia coli (strain K12),27563054
3VUB,Homo2,A,ILE,56,GLU,-1,-33%,Toxin CcdB,Escherichia coli (strain K12),27563054
3VUB,Homo2,A,ILE,56,GLY,-2,-89%,Toxin CcdB,Escherichia coli (strain K12),27563054
3VUB,Homo2,A,ILE,56,SER,-1,-33%,Toxin CcdB,Escherichia coli (strain K12),27563054
3VUB,Homo2,A,GLU,59,MET,1,11%,Toxin CcdB,Escherichia coli (strain K12),27563054
3VUB,Homo2,A,MET,63,ALA,1,11%,Toxin CcdB,Escherichia coli (strain K12),27563054
3VUB,Homo2,A,MET,63,ASP,-2,-100%,Toxin CcdB,Escherichia coli (strain K12),27563054
3VUB,Homo2,A,MET,63,ASN,-1,-33%,Toxin CcdB,Escherichia coli (strain K12),27563054
3VUB,Homo2,A,MET,64,GLU,-1,-11%,Toxin CcdB,Escherichia coli (strain K12),27563054
3VUB,Homo2,A,MET,64,GLY,-2,-78%,Toxin CcdB,Escherichia coli (strain K12),27563054
3VUB,Homo2,A,THR,65,ASN,-1,-33%,Toxin CcdB,Escherichia coli (strain K12),27563054
3VUB,Homo2,A,ASP,67,PRO,-2,-78%,Toxin CcdB,Escherichia coli (strain K12),27563054
3VUB,Homo2,A,ASP,67,THR,-1,-44%,Toxin CcdB,Escherichia coli (strain K12),27563054
3VUB,Homo2,A,SER,70,TRP,-1,-44%,Toxin CcdB,Escherichia coli (strain K12),27563054
3VUB,Homo2,A,VAL,71,GLY,-1,-33%,Toxin CcdB,Escherichia coli (strain K12),27563054
3VUB,Homo2,A,VAL,73,PHE,-1,-44%,Toxin CcdB,Escherichia coli (strain K12),27563054
3VUB,Homo2,A,VAL,75,HIS,1,11%,Toxin CcdB,Escherichia coli (strain K12),27563054
3VUB,Homo2,A,GLY,77,PHE,1,11%,Toxin CcdB,Escherichia coli (strain K12),27563054
3VUB,Homo2,A,GLY,77,GLN,1,11%,Toxin CcdB,Escherichia coli (strain K12),27563054
3VUB,Homo2,A,VAL,80,MET,1,11%,Toxin CcdB,Escherichia coli (strain K12),27563054
3VUB,Homo2,A,VAL,80,ASN,-1,-11%,Toxin CcdB,Escherichia coli (strain K12),27563054
3VUB,Homo2,A,LEU,83,ILE,1,11%,Toxin CcdB,Escherichia coli (strain K12),27563054
3VUB,Homo2,A,LEU,83,LYS,-2,-100%,Toxin CcdB,Escherichia coli (strain K12),27563054
3VUB,Homo2,A,HIS,85,ILE,1,11%,Toxin CcdB,Escherichia coli (strain K12),27563054
3VUB,Homo2,A,HIS,85,MET,0,,Toxin CcdB,Escherichia coli (strain K12),27563054
3VUB,Homo2,A,HIS,85,SER,0,,Toxin CcdB,Escherichia coli (strain K12),27563054
3VUB,Homo2,A,ARG,86,LEU,1,11%,Toxin CcdB,Escherichia coli (strain K12),27563054
1IFR,Monomer,A,TRP,514,ARG,-2,-92%,Prelamin-A/C,Homo sapiens,32475984
1IFR,Monomer,A,ALA,529,VAL,1,39%,Prelamin-A/C,Homo sapiens,32475984
1IFR,Monomer,A,GLY,449,VAL,-2,-100%,Prelamin-A/C,Homo sapiens,32475984
1IFR,Monomer,A,ASN,456,ILE,-2,-99%,Prelamin-A/C,Homo sapiens,32475984
1IFR,Monomer,A,LEU,489,PRO,-2,-94%,Prelamin-A/C,Homo sapiens,32475984
2XWR,Monomer,A,VAL,143,ALA,-2,-99%,Cellular tumor antigen p53,Homo sapiens,32475984
2XWR,Monomer,A,SER,241,PHE,-2,-71%,Cellular tumor antigen p53,Homo sapiens,32475984
2XWR,Monomer,A,GLY,245,SER,-2,-72%,Cellular tumor antigen p53,Homo sapiens,32475984
2XWR,Monomer,A,ARG,248,9,0,,Cellular tumor antigen p53,Homo sapiens,32475984
2XWR,Monomer,A,ARG,248,TRP,-2,-67%,Cellular tumor antigen p53,Homo sapiens,32475984
2XWR,Monomer,A,ARG,249,SER,-2,-83%,Cellular tumor antigen p53,Homo sapiens,32475984
2XWR,Monomer,A,PHE,270,LEU,-2,-100%,Cellular tumor antigen p53,Homo sapiens,32475984
2XWR,Monomer,A,ARG,273,HIS,-2,-69%,Cellular tumor antigen p53,Homo sapiens,32475984
2XWR,Monomer,A,CYS,277,PHE,0,,Cellular tumor antigen p53,Homo sapiens,32475984
2XWR,Monomer,A,ARG,282,TRP,-2,-100%,Cellular tumor antigen p53,Homo sapiens,32475984
1J42,Monomer,A,GLU,163,LYS,0,,Parkinson disease protein 7,Homo sapiens,15976810
1J42,Monomer,A,CYS,106,SER,0,,Parkinson disease protein 7,Homo sapiens,15976810
1J42,Monomer,A,LYS,130,ARG,0,,Parkinson disease protein 7,Homo sapiens,15976810
Model_63_AF,Monomer,A,CYS,499,SER,-1,,McKusick-Kaufman/Bardet-Biedl syndromes putative chaperonin,Homo sapiens,18094050
Model_63_AF,Monomer,A,GLY,52,ASP,0,,McKusick-Kaufman/Bardet-Biedl syndromes putative chaperonin,Homo sapiens,18094050
Model_63_AF,Monomer,A,ILE,339,VAL,0,,McKusick-Kaufman/Bardet-Biedl syndromes putative chaperonin,Homo sapiens,18094050
Model_63_AF,Monomer,A,ARG,518,HIS,0,,McKusick-Kaufman/Bardet-Biedl syndromes putative chaperonin,Homo sapiens,18094050
Model_63_AF,Monomer,A,SER,511,ALA,0,,McKusick-Kaufman/Bardet-Biedl syndromes putative chaperonin,Homo sapiens,18094050
Model_63_AF,Monomer,A,THR,57,ALA,-1,,McKusick-Kaufman/Bardet-Biedl syndromes putative chaperonin,Homo sapiens,18094050
Model_63_AF,Monomer,A,TYR,37,CYS,-1,,McKusick-Kaufman/Bardet-Biedl syndromes putative chaperonin,Homo sapiens,18094050
5F59_SM_modif,Monomer,A,VAL,797,ILE,2,,Histone-lysine N-methyltransferase 2C,Homo sapiens,33753520
5F59_SM_modif,Monomer,A,ILE,801,THR,2,,Histone-lysine N-methyltransferase 2C,Homo sapiens,33753520
5F59_SM_modif,Monomer,A,VAL,809,GLU,2,,Histone-lysine N-methyltransferase 2C,Homo sapiens,33753520
5F59_SM_modif,Monomer,A,GLY,823,GLN,2,,Histone-lysine N-methyltransferase 2C,Homo sapiens,33753520
5F59_SM_modif,Monomer,A,VAL,860,MET,1,,Histone-lysine N-methyltransferase 2C,Homo sapiens,33753520
5F59_SM_modif,Monomer,A,GLU,863,LYS,1,,Histone-lysine N-methyltransferase 2C,Homo sapiens,33753520
5F59_SM_modif,Monomer,A,HIS,866,ARG,2,,Histone-lysine N-methyltransferase 2C,Homo sapiens,33753520
5F59_SM_modif,Monomer,A,ILE,868,VAL,2,,Histone-lysine N-methyltransferase 2C,Homo sapiens,33753520
5F59_SM_modif,Monomer,A,LYS,887,GLY,2,,Histone-lysine N-methyltransferase 2C,Homo sapiens,33753520
5F59_SM_modif,Monomer,A,PHE,888,GLY,2,,Histone-lysine N-methyltransferase 2C,Homo sapiens,33753520
1CV2,Monomer,A,GLN,157,LEU,1,48%,Haloalkane dehalogenase,Sphingobium japonicum (strain DSM 16413 / CCM 7287 / MTCC 6362 / UT26 / NBRC 101211 / UT26S),Slanska 2021
1CV2,Monomer,A,MET,131,VAL,-1,-39%,Haloalkane dehalogenase,Sphingobium japonicum (strain DSM 16413 / CCM 7287 / MTCC 6362 / UT26 / NBRC 101211 / UT26S),Slanska 2021
1CV2,Monomer,A,PRO,39,LEU,0,,Haloalkane dehalogenase,Sphingobium japonicum (strain DSM 16413 / CCM 7287 / MTCC 6362 / UT26 / NBRC 101211 / UT26S),Slanska 2021
1CV2,Monomer,A,PRO,203,ARG,-2,-83%,Haloalkane dehalogenase,Sphingobium japonicum (strain DSM 16413 / CCM 7287 / MTCC 6362 / UT26 / NBRC 101211 / UT26S),Slanska 2021
1CV2,Monomer,A,HIS,85,ARG,-2,-94%,Haloalkane dehalogenase,Sphingobium japonicum (strain DSM 16413 / CCM 7287 / MTCC 6362 / UT26 / NBRC 101211 / UT26S),Slanska 2021
1CV2,Monomer,A,TYR,130,HIS,0,,Haloalkane dehalogenase,Sphingobium japonicum (strain DSM 16413 / CCM 7287 / MTCC 6362 / UT26 / NBRC 101211 / UT26S),Slanska 2021
1CV2,Monomer,A,LEU,89,GLN,2,194%,Haloalkane dehalogenase,Sphingobium japonicum (strain DSM 16413 / CCM 7287 / MTCC 6362 / UT26 / NBRC 101211 / UT26S),Slanska 2021
Model_66_AF,Monomer,A,SER,302,ASN,2,,Glucose-1-phosphate adenylyltransferase,Spinacia oleracea,18199755
Model_69_AF,Monomer,A,ILE,189,LEU,0,,Crystaline entomocidal protoxin,Bacillus thuringiensis,14529489
Model_69_AF,Monomer,A,LEU,175,VAL,0,,Crystaline entomocidal protoxin,Bacillus thuringiensis,14529489
Model_72_AF,Monomer,A,TRP,94,PHE,0,,ATP synthase mitochondrial F1 complex assembly factor 2,Homo sapiens,19933271
Model_72_AF,Monomer,A,TRP,94,ALA,-2,,ATP synthase mitochondrial F1 complex assembly factor 2,Homo sapiens,19933271
Model_72_AF,Monomer,A,TRP,94,GLU,-2,,ATP synthase mitochondrial F1 complex assembly factor 2,Homo sapiens,19933271
Model_72_AF,Monomer,A,TRP,94,LYS,-2,,ATP synthase mitochondrial F1 complex assembly factor 2,Homo sapiens,19933271
Model_72_AF,Monomer,A,TRP,94,ARG,-2,,ATP synthase mitochondrial F1 complex assembly factor 2,Homo sapiens,19933271
4AH6,Homo2,A,ARG,58,GLY,-1,-30%,"Aspartate--tRNA ligase, mitochondrial",Homo sapiens,26620921
4AH6,Homo2,A,THR,136,SER,-1,-40%,"Aspartate--tRNA ligase, mitochondrial",Homo sapiens,26620921
4AH6,Homo2,A,GLN,184,LYS,-2,-100%,"Aspartate--tRNA ligase, mitochondrial",Homo sapiens,26620921
4AH6,Homo2,A,ARG,263,GLN,-2,-60%,"Aspartate--tRNA ligase, mitochondrial",Homo sapiens,26620921
4AH6,Homo2,A,LEU,613,PHE,0,,"Aspartate--tRNA ligase, mitochondrial",Homo sapiens,26620921
4AH6,Homo2,A,LEU,626,GLN,-1,-30%,"Aspartate--tRNA ligase, mitochondrial",Homo sapiens,26620921
Model_75_AF,Monomer,A,ARG,49,CYS,-1,,Alpha-crystallin A chain,Homo sapiens,18700785
Model_75_AF,Monomer,A,ARG,12,CYS,0,,Alpha-crystallin A chain,Homo sapiens,18700785
5VNW_C,Monomer,C,ALA,31,ASP,2,1%,Nanobody NB202,Synthetic,37024501
5VNW_C,Monomer,C,HIS,53,PRO,1,24%,Nanobody NB202,Synthetic,37024501
5VNW_C,Monomer,C,HIS,53,ARG,2,84%,Nanobody NB203,Synthetic,37024501
5VNW_C,Monomer,C,THR,55,ASP,2,80%,Nanobody NB204,Synthetic,37024501
5VNW_C,Monomer,C,THR,55,GLY,2,60%,Nanobody NB205,Synthetic,37024501
5VNW_C,Monomer,C,THR,100,LYS,2,"0,93",Nanobody NB206,Synthetic,37024501
5VNW_C,Monomer,C,THR,100,ARG,2,64%,Nanobody NB207,Synthetic,37024501
3LWK_AF_modif,Homo2,A,GLY,24,VAL,0,-,Beta-Crystalline A4,Homo sapiens,35840783
7WWT,Homo2,A,GLU,40,LYS,-1,-,Superoxide dismutase 1,Canis Lupus Familiaris,37156398
Model_03_AF,Monomer,A,LYS,45,PHE,0,0,TEV,Tobacco etch virus,17905838
Model_03_AF,Monomer,A,LEU,56,VAL,2,"4,7",TEV,Tobacco etch virus,17905838
Model_03_AF,Monomer,A,GLN,58,PHE,0,"0,1",TEV,Tobacco etch virus,17905838
Model_03_AF,Monomer,A,GLU,106,GLY,1,"0,2",TEV,Tobacco etch virus,17905838
Model_03_AF,Monomer,A,SER,135,GLY,2,"4,3",TEV,Tobacco etch virus,17905838
Model_15_AF,Monomer,A,VAL,275,ALA,0,,xylose isomerase [Lactococcus lactis subsp. 210],Streptococcus lactis,15240315
Model_15_AF,Monomer,A,THR,388,SER,0,,xylose isomerase [Lactococcus lactis subsp. 210],Streptococcus lactis,15240315
Model_15_AF,Monomer,A,ARG,202,MET,0,,xylose isomerase [Lactococcus lactis subsp. 210],Streptococcus lactis,15240315
Model_15_AF,Monomer,A,TYR,218,ASP,0,,xylose isomerase [Lactococcus lactis subsp. 210],Streptococcus lactis,15240315
Model_15_AF,Monomer,A,GLU,407,LYS,0,,xylose isomerase [Lactococcus lactis subsp. 210],Streptococcus lactis,15240315
Model_16_AF,Homo2,A,PHE,193,ALA,-1,,Trans-activator protein BZLF1,Epstein-Barr virus,16940523/17215287
Model_16_AF,Homo2,A,LYS,178,GLU,1,,Trans-activator protein BZLF1,Epstein-Barr virus,16940523/17215287
Model_16_AF,Homo2,A,LYS,181,GLU,1,,Trans-activator protein BZLF1,Epstein-Barr virus,16940523/17215287
Model_16_AF,Homo2,A,LYS,192,ALA,1,,Trans-activator protein BZLF1,Epstein-Barr virus,16940523/17215287
Model_16_AF,Homo2,A,ASN,182,GLU,1,,Trans-activator protein BZLF1,Epstein-Barr virus,16940523/17215287
Model_16_AF,Homo2,A,ARG,179,GLU,1,,Trans-activator protein BZLF1,Epstein-Barr virus,16940523/17215287
Model_16_AF,Homo2,A,ARG,183,GLU,1,,Trans-activator protein BZLF1,Epstein-Barr virus,16940523/17215287
Model_16_AF,Homo2,A,SER,186,GLU,1,,Trans-activator protein BZLF1,Epstein-Barr virus,16940523/17215287
Model_16_AF,Homo2,A,LYS,181,ALA,1,,Trans-activator protein BZLF1,Epstein-Barr virus,16940523/17215287
Model_16_AF,Homo2,A,ALA,191,VAL,1,,Trans-activator protein BZLF1,Epstein-Barr virus,16940523/17215287
Model_16_AF,Homo2,A,ALA,191,LYS,-1,,Trans-activator protein BZLF1,Epstein-Barr virus,16940523/17215287
Model_16_AF,Homo2,A,ARG,183,ALA,0,,Trans-activator protein BZLF1,Epstein-Barr virus,16940523/17215287
Model_16_AF,Homo2,A,ALA,185,LYS,0,,Trans-activator protein BZLF1,Epstein-Barr virus,16940523/17215287
Model_16_AF,Homo2,A,ALA,185,VAL,0,,Trans-activator protein BZLF1,Epstein-Barr virus,16940523/17215287
Model_16_AF,Homo2,A,CYS,189,ALA,0,,Trans-activator protein BZLF1,Epstein-Barr virus,16940523/17215287
Model_16_AF,Homo2,A,ARG,190,ALA,0,,Trans-activator protein BZLF1,Epstein-Barr virus,16940523/17215287
Model_17_AF,Homo2,A,GLU,40,LYS,1,10%,Nucleoside diphosphate kinase,Pyrobaculum aerophilum,12205510
Model_17_AF,Homo2,A,GLY,33,ASP,0,,Nucleoside diphosphate kinase,Pyrobaculum aerophilum,12205510
Model_17_AF,Homo2,A,ILE,117,ASN,0,,Nucleoside diphosphate kinase,Pyrobaculum aerophilum,12205510
Model_17_AF,Homo2,A,ARG,71,GLN,0,,Nucleoside diphosphate kinase,Pyrobaculum aerophilum,12205510
Model_17_AF,Homo2,A,SER,107,ASN,0,,Nucleoside diphosphate kinase,Pyrobaculum aerophilum,12205510
Model_18_AF,Monomer,A,ARG,24,ASP,0,,VL,Homo Sapiens,22745168
Model_18_AF,Monomer,A,SER,26,ASP,0,,VL,Homo Sapiens,22745168
Model_18_AF,Monomer,A,GLN,27,ASP,-1,,VL,Homo Sapiens,22745168
Model_18_AF,Monomer,A,SER,28,ASP,-1,,VL,Homo Sapiens,22745168
Model_18_AF,Monomer,A,ILE,29,ASP,-1,,VL,Homo Sapiens,22745168
Model_18_AF,Monomer,A,SER,30,ASP,0,,VL,Homo Sapiens,22745168
Model_18_AF,Monomer,A,SER,31,ASP,0,,VL,Homo Sapiens,22745168
Model_18_AF,Monomer,A,TYR,32,ASP,0,,VL,Homo Sapiens,22745168
Model_18_AF,Monomer,A,ASN,34,ASP,0,,VL,Homo Sapiens,22745168
Model_18_AF,Monomer,A,TYR,49,ASP,0,,VL,Homo Sapiens,22745168
Model_18_AF,Monomer,A,ALA,50,ASP,0,,VL,Homo Sapiens,22745168
Model_18_AF,Monomer,A,ALA,51,ASP,0,,VL,Homo Sapiens,22745168
Model_18_AF,Monomer,A,SER,52,ASP,0,,VL,Homo Sapiens,22745168
Model_18_AF,Monomer,A,SER,53,ASP,0,,VL,Homo Sapiens,22745168
Model_18_AF,Monomer,A,GLN,55,ASP,0,,VL,Homo Sapiens,22745168
Model_18_AF,Monomer,A,SER,56,ASP,0,,VL,Homo Sapiens,22745168
Model_77_AF,Homo2,A,PHE,139,ASP,2,80%,Gag-Pol polyprotein,HIV type 1 group M subtype B (isolate NY5),10493593
Model_77_AF,Homo2,A,PHE,139,ILE,1,20%,Gag-Pol polyprotein,HIV type 1 group M subtype B (isolate NY5),10493593
Model_77_AF,Homo2,A,PHE,139,LEU,2,60%,Gag-Pol polyprotein,HIV type 1 group M subtype B (isolate NY5),10493593
Model_77_AF,Homo2,A,PHE,139,LYS,2,100%,Gag-Pol polyprotein,HIV type 1 group M subtype B (isolate NY5),10493593
Model_77_AF,Homo2,A,PHE,139,VAL,1,40%,Gag-Pol polyprotein,HIV type 1 group M subtype B (isolate NY5),10493593
Model_77_AF,Homo2,A,TRP,85,LYS,0,,Gag-Pol polyprotein,HIV type 1 group M subtype B (isolate NY5),7597080
Model_77_AF,Homo2,A,VAL,119,LYS,1,,Gag-Pol polyprotein,HIV type 1 group M subtype B (isolate NY5),7597080
Model_77_AF,Homo2,A,ILE,145,LYS,0,,Gag-Pol polyprotein,HIV type 1 group M subtype B (isolate NY5),7597080
Model_77_AF,Homo2,A,LEU,58,LYS,0,,Gag-Pol polyprotein,HIV type 1 group M subtype B (isolate NY5),7597080
Model_77_AF,Homo2,A,LEU,112,LYS,0,,Gag-Pol polyprotein,HIV type 1 group M subtype B (isolate NY5),7597080
Model_77_AF,Homo2,A,LEU,126,LYS,0,,Gag-Pol polyprotein,HIV type 1 group M subtype B (isolate NY5),7597080
Model_77_AF,Homo2,A,LEU,17,ALA,0,,Gag-Pol polyprotein,HIV type 1 group M subtype B (isolate NY5),7597080
Model_77_AF,Homo2,A,LEU,22,LYS,0,,Gag-Pol polyprotein,HIV type 1 group M subtype B (isolate NY5),7597080
Model_77_AF,Homo2,A,VAL,80,LYS,0,,Gag-Pol polyprotein,HIV type 1 group M subtype B (isolate NY5),7597080
Model_77_AF,Homo2,A,VAL,130,LYS,0,,Gag-Pol polyprotein,HIV type 1 group M subtype B (isolate NY5),7597080
Model_77_AF,Homo2,A,VAL,33,LYS,0,,Gag-Pol polyprotein,HIV type 1 group M subtype B (isolate NY5),7597080
Model_77_AF,Homo2,A,TYR,97,LYS,0,,Gag-Pol polyprotein,HIV type 1 group M subtype B (isolate NY5),7597080
Model_77_AF,Homo2,A,VAL,67,LYS,0,,Gag-Pol polyprotein,HIV type 1 group M subtype B (isolate NY5),7597080
Model_77_AF,Homo2,A,ILE,89,LYS,0,,Gag-Pol polyprotein,HIV type 1 group M subtype B (isolate NY5),7597080
1S5E_AF,Monomer,A,PHE,49,HIS,0,,Cholera enterotoxin subunit A,Vibrio cholerae serotype O1 (strain ATCC 39315 / El Tor Inaba N16961),10195289
1S5E_AF,Monomer,A,ALA,121,SER,1,18%,Cholera enterotoxin subunit A,Vibrio cholerae serotype O1 (strain ATCC 39315 / El Tor Inaba N16961),10195289
1S5E_AF,Monomer,A,PRO,203,GLN,2,70%,Cholera enterotoxin subunit A,Vibrio cholerae serotype O1 (strain ATCC 39315 / El Tor Inaba N16961),10195289
1S5E_AF,Monomer,A,ILE,82,SER,0,,Cholera enterotoxin subunit A,Vibrio cholerae serotype O1 (strain ATCC 39315 / El Tor Inaba N16961),10195289
1S5E_AF,Monomer,A,LEU,89,SER,-1,16%,Cholera enterotoxin subunit A,Vibrio cholerae serotype O1 (strain ATCC 39315 / El Tor Inaba N16961),10195289
Model_100_SM,Homo10,A,VAL,467,LEU,0,-,Lysine Decarboxylase,Escherichia Coli,37071041
Model_100_SM,Homo10,A,THR,671,ALA,0,-,Lysine Decarboxylase,Escherichia Coli,37071041
Model_100_SM,Homo10,A,VAL,682,ILE,0,-,Lysine Decarboxylase,Escherichia Coli,37071041
Model_100_SM,Homo10,A,MET,711,GLU,1,"0,32",Lysine Decarboxylase,Escherichia Coli,37071041
Model_100_SM,Homo10,A,MET,711,ASP,1,-,Lysine Decarboxylase,Escherichia Coli,37071041
Model_100_SM,Homo10,A,MET,711,ALA,0,-,Lysine Decarboxylase,Escherichia Coli,37071041
Model_100_SM,Homo10,A,ALA,388,ARG,0,-,Lysine Decarboxylase,Escherichia Coli,37071041
Model_100_SM,Homo10,A,LEU,26,GLN,0,-,Lysine Decarboxylase,Escherichia Coli,37071041
Model_100_SM,Homo10,A,GLN,109,THR,0,-,Lysine Decarboxylase,Escherichia Coli,37071041
Model_100_SM,Homo10,A,ARG,143,GLY,0,-,Lysine Decarboxylase,Escherichia Coli,37071041
Model_79_AF,Monomer,A,TRP,111,HIS,0,,Apolipoprotein D,Homo sapiens,16322568
Model_79_AF,Monomer,A,TRP,119,HIS,2,,Apolipoprotein D,Homo sapiens,16322568
Model_81_AF,Monomer,A,CYS,70,SER,2,5,PapX protein,Escherichia coli,23022032
2OZB_AF_modif,Monomer,E,ALA,194,GLU,-2,,U4/U6 small nuclear ribonucleoprotein Prp31,Homo sapiens,12444105
2OZB_AF_modif,Monomer,E,ALA,216,PRO,-2,,U4/U6 small nuclear ribonucleoprotein Prp31,Homo sapiens,12444105
1YTQ,Monomer,A,TRP,150,CYS,-2,,BetaB2-crystallin,Homo Sapiens 24312286,24312286