PDB.Code,BU,BU,CHAIN,WT,Position,MUT,ΔSolubility,,ΔSolubility,pH,Protein,Organism,Reference (PMID)
1ANF,1,Monomer,A,ALA,63,GLU,0,,,"7,5",Maltodextrin-binding protein,Escherichia Coli,11344330
1ANF,1,Monomer,A,ILE,317,GLU,0,,,"7,5",Maltodextrin-binding protein,Escherichia Coli,11344330
1ANF,1,Monomer,A,TRP,230,GLU,0,,,"7,5",Maltodextrin-binding protein,Escherichia Coli,11344330
1ANF,1,Monomer,A,TRP,232,GLU,0,,,"7,5",Maltodextrin-binding protein,Escherichia Coli,11344330
1ANF,1,Monomer,A,TRP,340,GLU,0,,,"7,5",Maltodextrin-binding protein,Escherichia Coli,11344330
1ANF,1,Monomer,A,TRP,62,GLU,0,,,"7,5",Maltodextrin-binding protein,Escherichia Coli,11344330
1ANF,1,Monomer,A,TYR,155,GLU,0,,,"7,5",Maltodextrin-binding protein,Escherichia Coli,11344330
1ANF,1,Monomer,A,TYR,210,ALA,0,,,"7,5",Maltodextrin-binding protein,Escherichia Coli,11344330
1ANF,1,Monomer,A,TYR,242,GLU,0,,,"7,5",Maltodextrin-binding protein,Escherichia Coli,11344330
1ANF,1,Monomer,A,TYR,283,ASP,-2,,,"7,5",Maltodextrin-binding protein,Escherichia Coli,11344330
1BLI,1,Monomer,A,ALA,390,ASP,-2,,,6,Alpha Amylase,Bacillus Licheniformis,26707400
1BLI,1,Monomer,A,ALA,390,PHE,-2,,,6,Alpha Amylase,Bacillus Licheniformis,26707400
1BLI,1,Monomer,A,ALA,390,ILE,2,,,6,Alpha Amylase,Bacillus Licheniformis,26707400
1BLI,1,Monomer,A,ALA,390,LYS,-2,,,6,Alpha Amylase,Bacillus Licheniformis,26707400
1BLI,1,Monomer,A,ALA,390,GLN,-2,,,6,Alpha Amylase,Bacillus Licheniformis,26707400
1BLI,1,Monomer,A,ASP,401,GLU,-1,,,6,Alpha Amylase,Bacillus Licheniformis,26707400
1BLI,1,Monomer,A,ASP,401,ASN,-1,,,6,Alpha Amylase,Bacillus Licheniformis,26707400
1BLI,1,Monomer,A,ASP,401,VAL,-2,,,6,Alpha Amylase,Bacillus Licheniformis,26707400
1CV2,1,Monomer,A,HIS,85,ARG,-2,,-94%,"8,6",Haloalkane dehalogenase,Sphingobium japonicum (strain DSM 16413 / CCM 7287 / MTCC 6362 / UT26 / NBRC 101211 / UT26S),Slanska 2021
1CV2,1,Monomer,A,LEU,89,GLN,2,,194%,"8,6",Haloalkane dehalogenase,Sphingobium japonicum (strain DSM 16413 / CCM 7287 / MTCC 6362 / UT26 / NBRC 101211 / UT26S),Slanska 2021
1CV2,1,Monomer,A,MET,131,VAL,-1,,-39%,"8,6",Haloalkane dehalogenase,Sphingobium japonicum (strain DSM 16413 / CCM 7287 / MTCC 6362 / UT26 / NBRC 101211 / UT26S),Slanska 2021
1CV2,1,Monomer,A,PRO,203,ARG,-2,,-83%,"8,6",Haloalkane dehalogenase,Sphingobium japonicum (strain DSM 16413 / CCM 7287 / MTCC 6362 / UT26 / NBRC 101211 / UT26S),Slanska 2021
1CV2,1,Monomer,A,PRO,39,LEU,0,,,"8,6",Haloalkane dehalogenase,Sphingobium japonicum (strain DSM 16413 / CCM 7287 / MTCC 6362 / UT26 / NBRC 101211 / UT26S),Slanska 2021
1CV2,1,Monomer,A,GLN,157,LEU,1,,48%,"8,6",Haloalkane dehalogenase,Sphingobium japonicum (strain DSM 16413 / CCM 7287 / MTCC 6362 / UT26 / NBRC 101211 / UT26S),Slanska 2021
1CV2,1,Monomer,A,TYR,130,HIS,0,,0%,"8,6",Haloalkane dehalogenase,Sphingobium japonicum (strain DSM 16413 / CCM 7287 / MTCC 6362 / UT26 / NBRC 101211 / UT26S),Slanska 2021
1DWP,4,Homo4,A,HIS,103,ALA,0,,-1%,"7,0*",(S)-hydroxynitrile lyase,Manihot esculenta,21729945
1DWP,4,Homo4,A,HIS,103,CYS,1,,14%,"7,0*",(S)-hydroxynitrile lyase,Manihot esculenta,21729945
1DWP,4,Homo4,A,HIS,103,ASP,0,,7%,"7,0*",(S)-hydroxynitrile lyase,Manihot esculenta,21729945
1DWP,4,Homo4,A,HIS,103,GLU,0,,6%,"7,0*",(S)-hydroxynitrile lyase,Manihot esculenta,21729945
1DWP,4,Homo4,A,HIS,103,PHE,0,,5%,"7,0*",(S)-hydroxynitrile lyase,Manihot esculenta,21729945
1DWP,4,Homo4,A,HIS,103,GLY,0,,5%,"7,0*",(S)-hydroxynitrile lyase,Manihot esculenta,21729945
1DWP,4,Homo4,A,HIS,103,ILE,0,,-1%,"7,0*",(S)-hydroxynitrile lyase,Manihot esculenta,21729945
1DWP,4,Homo4,A,HIS,103,LYS,0,,4%,"7,0*",(S)-hydroxynitrile lyase,Manihot esculenta,21729945
1DWP,4,Homo4,A,HIS,103,LEU,1,,25%,"7,0*",(S)-hydroxynitrile lyase,Manihot esculenta,21729945
1DWP,4,Homo4,A,HIS,103,MET,1,,20%,"7,0*",(S)-hydroxynitrile lyase,Manihot esculenta,21729945
1DWP,4,Homo4,A,HIS,103,ASN,1,,10%,"7,0*",(S)-hydroxynitrile lyase,Manihot esculenta,21729945
1DWP,4,Homo4,A,HIS,103,PRO,0,,3%,"7,0*",(S)-hydroxynitrile lyase,Manihot esculenta,21729945
1DWP,4,Homo4,A,HIS,103,GLN,0,,6%,"7,0*",(S)-hydroxynitrile lyase,Manihot esculenta,21729945
1DWP,4,Homo4,A,HIS,103,ARG,0,,5%,"7,0*",(S)-hydroxynitrile lyase,Manihot esculenta,21729945
1DWP,4,Homo4,A,HIS,103,SER,0,,6%,"7,0*",(S)-hydroxynitrile lyase,Manihot esculenta,21729945
1DWP,4,Homo4,A,HIS,103,THR,0,,1%,"7,0*",(S)-hydroxynitrile lyase,Manihot esculenta,21729945
1DWP,4,Homo4,A,HIS,103,VAL,1,,10%,"7,0*",(S)-hydroxynitrile lyase,Manihot esculenta,21729945
1DWP,4,Homo4,A,HIS,103,TRP,0,,-5%,"7,0*",(S)-hydroxynitrile lyase,Manihot esculenta,21729945
1DWP,4,Homo4,A,HIS,103,TYR,0,,-3%,"7,0*",(S)-hydroxynitrile lyase,Manihot esculenta,21729945
1DWP,4,Homo4,A,LYS,176,PRO,1,,14%,"7,0*",(S)-hydroxynitrile lyase,Manihot esculenta,21729945
1DWP,4,Homo4,A,LYS,199,PRO,1,,14%,"7,0*",(S)-hydroxynitrile lyase,Manihot esculenta,21729945
1DWP,4,Homo4,A,LYS,224,PRO,1,,12%,"7,0*",(S)-hydroxynitrile lyase,Manihot esculenta,21729945
1FGA,1,Monomer,A,CYS,69,SER,-1,,,3,Basic fibroblast growth factor,Homo Sapiens,1368488
1FGA,1,Monomer,A,CYS,87,SER,0,,,3,Basic fibroblast growth factor,Homo Sapiens,1368488
1HK0_AF,1,Monomer,A,ALA,36,PRO,-2,,,"7,3",GammaD-Crystallin,Homo Sapiens,23936409
1HK0_AF,1,Monomer,A,GLU,107,ALA,-1,,,7,GammaD-Crystallin,Homo Sapiens,21173272
1HK0_AF,1,Monomer,A,GLY,61,CYS,-1,,,3,GammaD-Crystallin,Homo Sapiens,21655238
1HK0_AF,1,Monomer,A,PRO,24,SER,-1,,,7,GammaD-Crystallin,Homo Sapiens,15709761
1HK0_AF,1,Monomer,A,PRO,24,THR,-2,,,7,GammaD-Crystallin,Homo Sapiens,15709761
1HK0_AF,1,Monomer,A,PRO,24,VAL,0,,,7,GammaD-Crystallin,Homo Sapiens,15709761
1HK0_AF,1,Monomer,A,ARG,37,SER,-2,,,7,GammaD-Crystallin,Homo Sapiens,11371638
1HK0_AF,1,Monomer,A,ARG,59,HIS,-2,,,7,GammaD-Crystallin,Homo Sapiens,11371638
1HK0_AF,1,Monomer,A,ARG,77,SER,-2,,,"7,3",GammaD-Crystallin,Homo Sapiens,23936409
1HK0_AF,1,Monomer,A,VAL,76,ASP,-1,,,"6,8",GammaD-Crystallin,Homo Sapiens,17652744
1HK0_AF,1,Monomer,A,TRP,43,ARG,-1,,,7,GammaD-Crystallin,Homo Sapiens,21031598
1HK0_AF,1,Monomer,A,TYR,134,ALA,-2,,,"7,3",GammaD-Crystallin,Homo Sapiens,23936409
1HMY,1,Monomer,A,MET,51,LEU,0,,,"7,4",DNA methyltransferase,Haemophilus parahaemolyticus,12736373
1HMY,1,Monomer,A,VAL,213,SER,0,,,"7,4",DNA methyltransferase,Haemophilus parahaemolyticus,12736373
1HZW,2,Homo2,A,CYS,43,GLU,1,,,7,Thymidylate synthase (TS),Homo Sapiens,McElroy et 1992
1HZW,2,Homo2,A,ASP,116,ASN,0,,,7,Thymidylate synthase (TS),Homo Sapiens,McElroy et 1992
1HZW,2,Homo2,A,ASP,48,ASN,0,,,7,Thymidylate synthase (TS),Homo Sapiens,McElroy et 1992
1HZW,2,Homo2,A,ASP,69,LYS,0,,,7,Thymidylate synthase (TS),Homo Sapiens,McElroy et 1992
1HZW,2,Homo2,A,ASP,69,ASN,1,,,7,Thymidylate synthase (TS),Homo Sapiens,McElroy et 1992
1HZW,2,Homo2,A,LYS,169,LEU,0,,,7,Thymidylate synthase (TS),Homo Sapiens,McElroy et 1992
1HZW,2,Homo2,A,ARG,42,ASP,0,,,7,Thymidylate synthase (TS),Homo Sapiens,McElroy et 1992
1HZW,2,Homo2,A,ARG,42,ASN,-1,,,7,Thymidylate synthase (TS),Homo Sapiens,McElroy et 1992
1HZW,2,Homo2,A,ARG,46,GLU,-1,,,7,Thymidylate synthase (TS),Homo Sapiens,McElroy et 1992
1IFR,1,Monomer,A,ALA,529,VAL,1,,39%,"6,8",Prelamin-A/C,Homo sapiens,32475984
1IFR,1,Monomer,A,GLY,449,VAL,-2,,-100%,"6,8",Prelamin-A/C,Homo sapiens,32475984
1IFR,1,Monomer,A,LEU,489,PRO,-2,,-94%,"6,8",Prelamin-A/C,Homo sapiens,32475984
1IFR,1,Monomer,A,ASN,456,ILE,-2,,-99%,"6,8",Prelamin-A/C,Homo sapiens,32475984
1IFR,1,Monomer,A,TRP,514,ARG,-2,,-92%,"6,8",Prelamin-A/C,Homo sapiens,32475984
1MSC,2,Homo2,A,ALA,107,THR,0,,,"7,5",MS2 coat protein,Escherichia phage MS2,11713333
1MSC,2,Homo2,A,ALA,53,GLU,-1,,,"7,5",MS2 coat protein,Escherichia phage MS2,11713333
1MSC,2,Homo2,A,ILE,104,VAL,-2,,,"7,5",MS2 coat protein,Escherichia phage MS2,11713333
1MSC,2,Homo2,A,ILE,94,VAL,-1,,,"7,5",MS2 coat protein,Escherichia phage MS2,11713333
1MSC,2,Homo2,A,LYS,66,ARG,-1,,,"7,5",MS2 coat protein,Escherichia phage MS2,11713333
1MSC,2,Homo2,A,ASN,27,SER,0,,,"7,5",MS2 coat protein,Escherichia phage MS2,11713333
1MSC,2,Homo2,A,GLN,109,LEU,-2,,,"7,5",MS2 coat protein,Escherichia phage MS2,11713333
1MSC,2,Homo2,A,GLN,40,LEU,-1,,,"7,5",MS2 coat protein,Escherichia phage MS2,11713333
1MUY,2,Homo2,A,CYS,199,ALA,-2,,,"7,5",Adenine glycosilase,Escherichia Coli,12667065
1NZX,4,Homo4,A,TYR,203,HIS,1,,,"7,4",Aldehyde dehydrogenase,Homo Sapiens,10631996
1OKI,2,Homo2,A,ARG,232,HIS,0,,,7,Beta-crystallin B1,Homo Sapiens,25086334
1PFS,2,Homo2,A,HIS,36,PHE,-2,,,"4,4",Single-Stranded DNA Binding protein,Pseudomonas phage Pf3,7925383
1QGD,2,Homo2,A,ALA,29,GLU,-1,,-30%,7,Transketolase,Escherichia Coli,22154561
1QGD,2,Homo2,A,ASP,259,ALA,-1,,-40%,7,Transketolase,Escherichia Coli,22154561
1QGD,2,Homo2,A,ASP,259,GLY,-1,,-30%,7,Transketolase,Escherichia Coli,22154561
1QGD,2,Homo2,A,ASP,259,SER,-1,,-30%,7,Transketolase,Escherichia Coli,22154561
1QGD,2,Homo2,A,ASP,259,TYR,-2,,-60%,7,Transketolase,Escherichia Coli,22154561
1QGD,2,Homo2,A,ASP,469,ALA,-1,,-50%,7,Transketolase,Escherichia Coli,22154561
1QGD,2,Homo2,A,ASP,469,SER,-1,,-30%,7,Transketolase,Escherichia Coli,22154561
1QGD,2,Homo2,A,ASP,469,THR,-2,,-50%,7,Transketolase,Escherichia Coli,22154561
1QGD,2,Homo2,A,ASP,469,TYR,-1,,-30%,7,Transketolase,Escherichia Coli,22154561
1QGD,2,Homo2,A,GLU,498,ASP,-2,,-70%,7,Transketolase,Escherichia Coli,22154561
1QGD,2,Homo2,A,HIS,461,SER,-2,,-60%,7,Transketolase,Escherichia Coli,22154561
1QGD,2,Homo2,A,ARG,520,GLN,1,,40%,7,Transketolase,Escherichia Coli,22154561
1QGD,2,Homo2,A,ARG,520,VAL,-2,,-65%,7,Transketolase,Escherichia Coli,22154561
1RGG_A,1,Monomer,A,GLN,32,ASP,2,,100%,"4,25",Ribonuclease Sa,Streptomyces aureofaciens,17174328
1RGG_A,1,Monomer,A,GLN,77,ASP,2,,70%,"4,25",Ribonuclease Sa,Streptomyces aureofaciens,17174328
1RGG_A,1,Monomer,A,THR,76,ALA,1,,35%,"4,25",Ribonuclease Sa,Streptomyces aureofaciens,17174328
1RGG_A,1,Monomer,A,THR,76,CYS,-1,,-40%,"4,25",Ribonuclease Sa,Streptomyces aureofaciens,17174328
1RGG_A,1,Monomer,A,THR,76,ASP,2,,115%,"4,25",Ribonuclease Sa,Streptomyces aureofaciens,17174328
1RGG_A,1,Monomer,A,THR,76,GLU,2,,110%,"4,25",Ribonuclease Sa,Streptomyces aureofaciens,17174328
1RGG_A,1,Monomer,A,THR,76,PHE,-2,,-78%,"4,25",Ribonuclease Sa,Streptomyces aureofaciens,17174328
1RGG_A,1,Monomer,A,THR,76,GLY,1,,35%,"4,25",Ribonuclease Sa,Streptomyces aureofaciens,17174328
1RGG_A,1,Monomer,A,THR,76,HIS,1,,20%,"4,25",Ribonuclease Sa,Streptomyces aureofaciens,17174328
1RGG_A,1,Monomer,A,THR,76,ILE,-2,,-59%,"4,25",Ribonuclease Sa,Streptomyces aureofaciens,17174328
1RGG_A,1,Monomer,A,THR,76,LYS,2,,55%,"4,25",Ribonuclease Sa,Streptomyces aureofaciens,17174328
1RGG_A,1,Monomer,A,THR,76,LEU,-2,,-54%,"4,25",Ribonuclease Sa,Streptomyces aureofaciens,17174328
1RGG_A,1,Monomer,A,THR,76,MET,-1,,-45%,"4,25",Ribonuclease Sa,Streptomyces aureofaciens,17174328
1RGG_A,1,Monomer,A,THR,76,ASN,0,,5%,"4,25",Ribonuclease Sa,Streptomyces aureofaciens,17174328
1RGG_A,1,Monomer,A,THR,76,PRO,-1,,-25%,"4,25",Ribonuclease Sa,Streptomyces aureofaciens,17174328
1RGG_A,1,Monomer,A,THR,76,GLN,0,,0%,"4,25",Ribonuclease Sa,Streptomyces aureofaciens,17174328
1RGG_A,1,Monomer,A,THR,76,ARG,2,,110%,"4,25",Ribonuclease Sa,Streptomyces aureofaciens,17174328
1RGG_A,1,Monomer,A,THR,76,SER,2,,95%,"4,25",Ribonuclease Sa,Streptomyces aureofaciens,17174328
1RGG_A,1,Monomer,A,THR,76,VAL,-2,,-50%,"4,25",Ribonuclease Sa,Streptomyces aureofaciens,17174328
1RGG_A,1,Monomer,A,THR,76,TRP,-2,,-83%,"4,25",Ribonuclease Sa,Streptomyces aureofaciens,17174328
1RGG_A,1,Monomer,A,THR,76,TYR,-2,,-72%,"4,25",Ribonuclease Sa,Streptomyces aureofaciens,17174328
1S5E_AF,1,Monomer,A,ALA,121,SER,1,,18%,7,Cholera enterotoxin subunit A,Vibrio cholerae serotype O1 (strain ATCC 39315 / El Tor Inaba N16961),10195289
1S5E_AF,1,Monomer,A,PHE,49,HIS,0,,6%,7,Cholera enterotoxin subunit A,Vibrio cholerae serotype O1 (strain ATCC 39315 / El Tor Inaba N16961),10195289
1S5E_AF,1,Monomer,A,ILE,82,SER,0,,8%,7,Cholera enterotoxin subunit A,Vibrio cholerae serotype O1 (strain ATCC 39315 / El Tor Inaba N16961),10195289
1S5E_AF,1,Monomer,A,LEU,89,SER,-1,,16%,7,Cholera enterotoxin subunit A,Vibrio cholerae serotype O1 (strain ATCC 39315 / El Tor Inaba N16961),10195289
1S5E_AF,1,Monomer,A,PRO,203,GLN,2,,70%,7,Cholera enterotoxin subunit A,Vibrio cholerae serotype O1 (strain ATCC 39315 / El Tor Inaba N16961),10195289
1UCF,2,Homo2,A,CYS,106,SER,0,,,"7,0*",Protein deglycase DJ-1,Homo Sapiens,15976810
1UCF,2,Homo2,A,GLU,163,LYS,0,,,"7,0*",Protein deglycase DJ-1,Homo Sapiens,18822273
1UCF,2,Homo2,A,LYS,130,ARG,0,,,"7,0*",Protein deglycase DJ-1,Homo Sapiens,15976810
1UCF,2,Homo2,A,LEU,166,PRO,-2,,,"7,0*",Protein deglycase DJ-1,Homo Sapiens,15976810
1W99,3,Homo3,A,ILE,189,LEU,0,,,"7,0*",Toxin Cry4Ba,Bacillus thuringiensis,14529489
1W99,3,Homo3,A,LEU,175,VAL,0,,,"7,0*",Toxin Cry4Ba,Bacillus thuringiensis,14529489
1XPB_AF,1,Monomer,A,ASP,174,ARG,1,,,"7,4",Beta-Lactamase TEM-1,Escherichia Coli,24567513
1XPB_AF,1,Monomer,A,ASP,174,VAL,-1,,,"7,4",Beta-Lactamase TEM-1,Escherichia Coli,24567513
1XPB_AF,1,Monomer,A,ASP,83,ILE,-2,,,"7,4",Beta-Lactamase TEM-1,Escherichia Coli,24567513
1XPB_AF,1,Monomer,A,ASP,83,ARG,-1,,,"7,4",Beta-Lactamase TEM-1,Escherichia Coli,24567513
1XPB_AF,1,Monomer,A,GLU,35,HIS,-1,,,"7,4",Beta-Lactamase TEM-1,Escherichia Coli,24567513
1XPB_AF,1,Monomer,A,GLY,142,ARG,-1,,,"7,4",Beta-Lactamase TEM-1,Escherichia Coli,24567513
1XPB_AF,1,Monomer,A,ILE,125,ALA,-1,,,"7,4",Beta-Lactamase TEM-1,Escherichia Coli,24567513
1XPB_AF,1,Monomer,A,ILE,125,SER,0,,,"7,4",Beta-Lactamase TEM-1,Escherichia Coli,24567513
1XPB_AF,1,Monomer,A,LYS,53,PRO,-1,,,"7,4",Beta-Lactamase TEM-1,Escherichia Coli,24567513
1XPB_AF,1,Monomer,A,LEU,135,ASN,0,,,"7,4",Beta-Lactamase TEM-1,Escherichia Coli,24567513
1XPB_AF,1,Monomer,A,LEU,135,TRP,-1,,,"7,4",Beta-Lactamase TEM-1,Escherichia Coli,24567513
1XPB_AF,1,Monomer,A,LEU,136,THR,-1,,,"7,4",Beta-Lactamase TEM-1,Escherichia Coli,24567513
1XPB_AF,1,Monomer,A,LEU,89,ARG,0,,,"7,4",Beta-Lactamase TEM-1,Escherichia Coli,24567513
1XPB_AF,1,Monomer,A,MET,66,SER,-1,,,"7,4",Beta-Lactamase TEM-1,Escherichia Coli,24567513
1XPB_AF,1,Monomer,A,ASN,134,PHE,-1,,,"7,4",Beta-Lactamase TEM-1,Escherichia Coli,24567513
1XPB_AF,1,Monomer,A,ASN,134,TYR,0,,,"7,4",Beta-Lactamase TEM-1,Escherichia Coli,24567513
1XPB_AF,1,Monomer,A,PRO,143,LEU,-1,,,"7,4",Beta-Lactamase TEM-1,Escherichia Coli,24567513
1XPB_AF,1,Monomer,A,PRO,143,TYR,-2,,,"7,4",Beta-Lactamase TEM-1,Escherichia Coli,24567513
1XPB_AF,1,Monomer,A,ARG,241,GLU,0,,,"7,4",Beta-Lactamase TEM-1,Escherichia Coli,24567513
1XPB_AF,1,Monomer,A,THR,178,ILE,-2,,,"7,4",Beta-Lactamase TEM-1,Escherichia Coli,24567513
1XPB_AF,1,Monomer,A,THR,178,ASN,-2,,,"7,4",Beta-Lactamase TEM-1,Escherichia Coli,24567513
1XPB_AF,1,Monomer,A,THR,178,GLN,-2,,,"7,4",Beta-Lactamase TEM-1,Escherichia Coli,24567513
1XPB_AF,1,Monomer,A,THR,179,VAL,-1,,,"7,4",Beta-Lactamase TEM-1,Escherichia Coli,24567513
1XPB_AF,1,Monomer,A,TRP,208,SER,-1,,,"7,4",Beta-Lactamase TEM-1,Escherichia Coli,24567513
1XPB_AF,1,Monomer,A,TYR,44,ALA,-2,,,"7,4",Beta-Lactamase TEM-1,Escherichia Coli,24567513
1XSE,2,Homo2,A,PHE,278,GLU,2,,,8,11beta-hydroxysteroid dehydrogenase,Cavia porcellus,19507261
1XSE,2,Homo2,A,ILE,275,GLU,2,,,8,11beta-hydroxysteroid dehydrogenase,Cavia porcellus,19507261
1XSE,2,Homo2,A,LEU,279,GLU,2,,,8,11beta-hydroxysteroid dehydrogenase,Cavia porcellus,19507261
1XSE,2,Homo2,A,TYR,266,GLU,1,,,8,11beta-hydroxysteroid dehydrogenase,Cavia porcellus,19507261
1XWW,1,Monomer,A,CYS,109,SER,0,,,"7,5",Low molecular weight Tyrosin Phosphatase,Homo Sapiens,19324012
1XWW,1,Monomer,A,CYS,62,SER,0,,,"7,5",Low molecular weight Tyrosin Phosphatase,Homo Sapiens,19324012
1XWW,1,Monomer,A,CYS,90,SER,0,,,"7,5",Low molecular weight Tyrosin Phosphatase,Homo Sapiens,19324012
1YTQ,1,Monomer,A,TRP,150,CYS,-2,,,"7,0*",BetaB2-crystallin,Homo Sapiens ,24312286
1Z0Q,1,Monomer,A,ALA,21,GLY,1,,,"7,5",Alzheimer's Disease Abeta Peptide,Homo Sapiens,16420488
1Z0Q,1,Monomer,A,ASP,23,ASN,0,,,"7,5",Alzheimer's Disease Abeta Peptide,Homo Sapiens,20590832
1Z0Q,1,Monomer,A,GLU,22,GLY,-1,,,"7,5",Alzheimer's Disease Abeta Peptide,Homo Sapiens,16420488
1Z0Q,1,Monomer,A,GLU,22,LYS,-1,,,"7,5",Alzheimer's Disease Abeta Peptide,Homo Sapiens,20590832
1Z0Q,1,Monomer,A,GLU,22,PRO,-2,,,"7,5",Alzheimer's Disease Abeta Peptide,Homo Sapiens,20590832
1Z0Q,1,Monomer,A,GLU,22,GLN,-1,,,"7,5",Alzheimer's Disease Abeta Peptide,Homo Sapiens,16420488
1Z0Q,1,Monomer,A,GLU,22,VAL,1,,,"7,5",Alzheimer's Disease Abeta Peptide,Homo Sapiens,20590832
1Z0Q,1,Monomer,A,PHE,19,ALA,2,,,"7,5",Alzheimer's Disease Abeta Peptide,Homo Sapiens,16420488
1Z0Q,1,Monomer,A,PHE,19,CYS,1,,,"7,5",Alzheimer's Disease Abeta Peptide,Homo Sapiens,16420488
1Z0Q,1,Monomer,A,PHE,19,ASP,2,,,"7,5",Alzheimer's Disease Abeta Peptide,Homo Sapiens,16420488
1Z0Q,1,Monomer,A,PHE,19,GLU,2,,,"7,5",Alzheimer's Disease Abeta Peptide,Homo Sapiens,16420488
1Z0Q,1,Monomer,A,PHE,19,GLY,2,,,"7,5",Alzheimer's Disease Abeta Peptide,Homo Sapiens,16420488
1Z0Q,1,Monomer,A,PHE,19,HIS,2,,,"7,5",Alzheimer's Disease Abeta Peptide,Homo Sapiens,16420488
1Z0Q,1,Monomer,A,PHE,19,ILE,0,,,"7,5",Alzheimer's Disease Abeta Peptide,Homo Sapiens,16420488
1Z0Q,1,Monomer,A,PHE,19,LYS,2,,,"7,5",Alzheimer's Disease Abeta Peptide,Homo Sapiens,16420488
1Z0Q,1,Monomer,A,PHE,19,LEU,1,,,"7,5",Alzheimer's Disease Abeta Peptide,Homo Sapiens,16420488
1Z0Q,1,Monomer,A,PHE,19,MET,1,,,"7,5",Alzheimer's Disease Abeta Peptide,Homo Sapiens,16420488
1Z0Q,1,Monomer,A,PHE,19,ASN,2,,,"7,5",Alzheimer's Disease Abeta Peptide,Homo Sapiens,16420488
1Z0Q,1,Monomer,A,PHE,19,PRO,2,,,"7,5",Alzheimer's Disease Abeta Peptide,Homo Sapiens,16420488
1Z0Q,1,Monomer,A,PHE,19,GLN,2,,,"7,5",Alzheimer's Disease Abeta Peptide,Homo Sapiens,16420488
1Z0Q,1,Monomer,A,PHE,19,ARG,2,,,"7,5",Alzheimer's Disease Abeta Peptide,Homo Sapiens,16420488
1Z0Q,1,Monomer,A,PHE,19,SER,2,,,"7,5",Alzheimer's Disease Abeta Peptide,Homo Sapiens,16420488
1Z0Q,1,Monomer,A,PHE,19,THR,2,,,"7,5",Alzheimer's Disease Abeta Peptide,Homo Sapiens,16420488
1Z0Q,1,Monomer,A,PHE,19,VAL,0,,,"7,5",Alzheimer's Disease Abeta Peptide,Homo Sapiens,16420488
1Z0Q,1,Monomer,A,PHE,19,TRP,1,,,"7,5",Alzheimer's Disease Abeta Peptide,Homo Sapiens,16420488
1Z0Q,1,Monomer,A,PHE,19,TYR,1,,,"7,5",Alzheimer's Disease Abeta Peptide,Homo Sapiens,16420488
2C9K_AF_modif,1,Monomer,A,PRO,193,PHE,-2,,,9,Cry4Aa toxin,Bacillus thuringiensis subsp. israelensis,24632526
2C9K_AF_modif,1,Monomer,A,PRO,193,GLY,-1,,,9,Cry4Aa toxin,Bacillus thuringiensis subsp. israelensis,24632526
2C9K_AF_modif,1,Monomer,A,PRO,193,VAL,-2,,,9,Cry4Aa toxin,Bacillus thuringiensis subsp. israelensis,24632526
2C9K_AF_modif,1,Monomer,A,PRO,194,GLY,0,,,9,Cry4Aa toxin,Bacillus thuringiensis subsp. israelensis,24632526
2C9K_AF_modif,1,Monomer,A,PRO,194,VAL,0,,,9,Cry4Aa toxin,Bacillus thuringiensis subsp. israelensis,24632526
2C9K_AF_modif,1,Monomer,A,PRO,196,GLY,0,,,9,Cry4Aa toxin,Bacillus thuringiensis subsp. israelensis,24632526
2C9K_AF_modif,1,Monomer,A,PRO,196,VAL,0,,,9,Cry4Aa toxin,Bacillus thuringiensis subsp. israelensis,24632526
2C9V,2,Homo2,A,ALA,4,VAL,0,,,"7,15",Superoxide dismutase 1,Homo Sapiens,10400992
2C9V,2,Homo2,A,GLY,37,ARG,0,,,"7,15",Superoxide dismutase 1,Homo Sapiens,10400992
2C9V,2,Homo2,A,GLY,41,ASP,0,,,"7,15",Superoxide dismutase 1,Homo Sapiens,10400992
2C9V,2,Homo2,A,GLY,85,ARG,0,,,"7,15",Superoxide dismutase 1,Homo Sapiens,10400992
2C9V,2,Homo2,A,GLY,93,CYS,1,,,"7,15",Superoxide dismutase 1,Homo Sapiens,10400992
2C9V,2,Homo2,A,ILE,113,THR,0,,,"7,15",Superoxide dismutase 1,Homo Sapiens,10400992
2CY8_AF,1,Monomer,A,ASN,439,ASP,2,,253%,"7,6",D-phenylglycine aminotransferase,Pseudomonas stutzeri,22832812
2CY8_AF,1,Monomer,A,GLN,444,GLU,2,,331%,"7,6",D-phenylglycine aminotransferase,Pseudomonas stutzeri,22832812
2D68_AF_modif,2,Dimer,A,GLU,97,ALA,-1,,,"7,5",FOP,Homo Sapiens,16690081
2D68_AF_modif,2,Dimer,A,LYS,63,MET,-1,,,"7,5",FOP,Homo Sapiens,16690081
2D68_AF_modif,2,Dimer,A,LYS,69,MET,-1,,,"7,5",FOP,Homo Sapiens,16690081
2D68_AF_modif,2,Dimer,A,LEU,104,MET,-1,,,"7,5",FOP,Homo Sapiens,16690081
2D68_AF_modif,2,Dimer,A,LEU,127,MET,-1,,,"7,5",FOP,Homo Sapiens,16690081
2D68_AF_modif,2,Dimer,A,LEU,87,MET,-1,,,"7,5",FOP,Homo Sapiens,16690081
2D68_AF_modif,2,Dimer,A,THR,90,ALA,-1,,,"7,5",FOP,Homo Sapiens,16690081
2D68_AF_modif,2,Dimer,A,VAL,74,PHE,-1,,,"7,5",FOP,Homo Sapiens,16690081
2FJT_AF,2,Homo2,A,ASP,22,ALA,-1,,,7*,"Adenylate cyclase, class IV",Yersinia pestis,20160955
2FJT_AF,2,Homo2,A,ASP,22,ASN,-1,,,7*,"Adenylate cyclase, class IV",Yersinia pestis,20160955
2FJT_AF,2,Homo2,A,ASP,58,LYS,0,,,7*,"Adenylate cyclase, class IV",Yersinia pestis,20160955
2FJT_AF,2,Homo2,A,GLU,28,LYS,0,,,7*,"Adenylate cyclase, class IV",Yersinia pestis,20160955
2FJT_AF,2,Homo2,A,MET,21,LYS,0,,,7*,"Adenylate cyclase, class IV",Yersinia pestis,20160955
2GE9,1,Monomer,A,CYS,68,SER,0,,,7*,Src homology 2 (SH2) Bruton's Tyrosine Kinase,Homo Sapiens,1684918
2GE9,1,Monomer,A,GLY,33,GLU,-1,,,7*,Src homology 2 (SH2) Bruton's Tyrosine Kinase,Homo Sapiens,1684918
2GE9,1,Monomer,A,HIS,93,GLN,-2,,,7*,Src homology 2 (SH2) Bruton's Tyrosine Kinase,Homo Sapiens,1684918
2GE9,1,Monomer,A,LEU,89,PHE,-1,,,7*,Src homology 2 (SH2) Bruton's Tyrosine Kinase,Homo Sapiens,1684918
2GE9,1,Monomer,A,ARG,38,GLY,0,,,7*,Src homology 2 (SH2) Bruton's Tyrosine Kinase,Homo Sapiens,1684918
2GE9,1,Monomer,A,TYR,65,SER,-2,,,7*,Src homology 2 (SH2) Bruton's Tyrosine Kinase,Homo Sapiens,1684918
2GE9,1,Monomer,A,TYR,92,CYS,-1,,,7*,Src homology 2 (SH2) Bruton's Tyrosine Kinase,Homo Sapiens,1684918
2GVA,2,Homo2,A,HIS,41,TYR,-2,,,"5,1",DNA-Binding protein G5P,Bacteriophage M13,1761038
2ILT,2,Homo2,A,PHE,278,GLU,2,,,8,11beta-hydroxysteroid dehydrogenase,Homo Sapiens,19507261
2ILT,2,Homo2,A,ILE,275,GLU,1,,,8,11beta-hydroxysteroid dehydrogenase,Homo Sapiens,19507261
2ILT,2,Homo2,A,LYS,187,ASN,-2,,,8,11beta-hydroxysteroid dehydrogenase,Homo Sapiens,19507261
2ILT,2,Homo2,A,LEU,266,GLU,0,,,8,11beta-hydroxysteroid dehydrogenase,Homo Sapiens,19507261
2ILT,2,Homo2,A,LEU,279,GLU,1,,,8,11beta-hydroxysteroid dehydrogenase,Homo Sapiens,19507261
2ILT,2,Homo2,A,ARG,137,CYS,-2,,,8,11beta-hydroxysteroid dehydrogenase,Homo Sapiens,19507261
2NBR_A,1,Monomer,A,CYS,79,ARG,1,,,6,GammaC-Crystallin,Homo Sapiens,17659303
2NBR_A,1,Monomer,A,ARG,36,SER,2,,,6,GammaC-Crystallin,Homo Sapiens,17659303
2OZB_AF_modif,1,Monomer,A,ALA,194,GLU,-2,,,7*,U4/U6 small nuclear ribonucleoprotein Prp31,Homo sapiens,12444105
2OZB_AF_modif,1,Monomer,A,ALA,216,PRO,-2,,,7*,U4/U6 small nuclear ribonucleoprotein Prp31,Homo sapiens,12444105
2QUG_M358R,1,Monomer,A,MET,351,GLU,2,,140%,"6,8",Alpha-1-antitrypsin,Homo Sapiens,7764716
2QUG,1,Monomer,A,MET,358,LEU,-1,,-20%,"6,8",Alpha-1-antitrypsin,Homo Sapiens,7764716
2QUG,1,Monomer,A,MET,358,ARG,0,,3%,"6,8",Alpha-1-antitrypsin,Homo Sapiens,7764716
2QUG_M358R,1,Monomer,A,PRO,357,ALA,-2,,-76%,"6,8",Alpha-1-antitrypsin,Homo Sapiens,7764716
2QUG_M358R,1,Monomer,A,THR,345,LEU,-2,,-68%,"6,8",Alpha-1-antitrypsin,Homo Sapiens,7764716
2QUG_M358R,1,Monomer,A,THR,345,ARG,-1,,-28%,"6,8",Alpha-1-antitrypsin,Homo Sapiens,7764716
2X6G_AB,2,Homo2,A,ALA,26,ASP,1,,,"7,4","rhMIP-1 alpha, BB-10010",Homo Sapiens,8541527
2XWR,1,Monomer,A,CYS,277,PHE,0,,-3%,7*,Cellular tumor antigen p53,Homo sapiens,32475984
2XWR,1,Monomer,A,PHE,270,LEU,-2,,-100%,7*,Cellular tumor antigen p53,Homo sapiens,32475984
2XWR,1,Monomer,A,GLY,245,SER,-2,,-72%,7*,Cellular tumor antigen p53,Homo sapiens,32475984
2XWR,1,Monomer,A,ARG,248,GLN,0,,-1%,7*,Cellular tumor antigen p53,Homo sapiens,32475984
2XWR,1,Monomer,A,ARG,248,TRP,-2,,-67%,7*,Cellular tumor antigen p53,Homo sapiens,32475984
2XWR,1,Monomer,A,ARG,249,SER,-2,,-83%,7*,Cellular tumor antigen p53,Homo sapiens,32475984
2XWR,1,Monomer,A,ARG,273,HIS,-2,,-69%,7*,Cellular tumor antigen p53,Homo sapiens,32475984
2XWR,1,Monomer,A,ARG,282,TRP,-2,,-100%,7*,Cellular tumor antigen p53,Homo sapiens,32475984
2XWR,1,Monomer,A,SER,241,PHE,-2,,-71%,7*,Cellular tumor antigen p53,Homo sapiens,32475984
2XWR,1,Monomer,A,VAL,143,ALA,-2,,-99%,7*,Cellular tumor antigen p53,Homo sapiens,32475984
3GXP,2,Homo2,A,ALA,288,ASP,-2,,,"7,4",Alpha-galactosidase A,Homo sapiens,26905391
3GXP,2,Homo2,A,ALA,348,ARG,1,,,"7,4",Alpha-galactosidase A,Homo sapiens,26905391
3GXP,2,Homo2,A,ALA,368,PRO,1,,,"7,4",Alpha-galactosidase A,Homo sapiens,26905391
3GXP,2,Homo2,A,ALA,368,ARG,0,,,"7,4",Alpha-galactosidase A,Homo sapiens,26905391
3GXP,2,Homo2,A,ASP,165,TYR,-2,,,"7,4",Alpha-galactosidase A,Homo sapiens,26905391
3GXP,2,Homo2,A,SER,405,LEU,1,,,"7,4",Alpha-galactosidase A,Homo sapiens,26905391
3HY5,1,Monomer,A,MET,226,LYS,-1,,,7*,CRALBP,Homo Sapiens,12536144
3HY5,1,Monomer,A,ARG,151,GLN,-2,,,7*,CRALBP,Homo Sapiens,12536144
3HY5,1,Monomer,A,ARG,234,TRP,0,,,7*,CRALBP,Homo Sapiens,12536144
3K75_SM_modif,1,Monomer,A,GLU,69,LYS,0,,,"7,5",DNA repair protein XRCC1 (aa 1-157),Homo Sapiens,12527765
3K75_SM_modif,1,Monomer,A,GLU,98,ALA,-1,,,"7,5",DNA repair protein XRCC1 (aa 1-157),Homo Sapiens,12527765
3K75_SM_modif,1,Monomer,A,GLU,98,LYS,-2,,,"7,5",DNA repair protein XRCC1 (aa 1-157),Homo Sapiens,12527765
3K75_SM_modif,1,Monomer,A,GLU,98,ARG,-2,,,"7,5",DNA repair protein XRCC1 (aa 1-157),Homo Sapiens,12527765
3K75_SM_modif,1,Monomer,A,PHE,142,ALA,-1,,,"7,5",DNA repair protein XRCC1 (aa 1-157),Homo Sapiens,12527765
3K75_SM_modif,1,Monomer,A,PHE,67,ALA,0,,,"7,5",DNA repair protein XRCC1 (aa 1-157),Homo Sapiens,12527765
3K75_SM_modif,1,Monomer,A,HIS,20,ALA,0,,,"7,5",DNA repair protein XRCC1 (aa 1-157),Homo Sapiens,12527765
3K75_SM_modif,1,Monomer,A,LYS,129,GLU,-2,,,"7,5",DNA repair protein XRCC1 (aa 1-157),Homo Sapiens,12527765
3K75_SM_modif,1,Monomer,A,LYS,32,ALA,0,,,"7,5",DNA repair protein XRCC1 (aa 1-157),Homo Sapiens,12527765
3K75_SM_modif,1,Monomer,A,ASN,104,ALA,-1,,,"7,5",DNA repair protein XRCC1 (aa 1-157),Homo Sapiens,12527765
3K75_SM_modif,1,Monomer,A,ARG,109,SER,-1,,,"7,5",DNA repair protein XRCC1 (aa 1-157),Homo Sapiens,12527765
3K75_SM_modif,1,Monomer,A,VAL,117,ARG,0,,,"7,5",DNA repair protein XRCC1 (aa 1-157),Homo Sapiens,12527765
3K75_SM_modif,1,Monomer,A,VAL,86,ARG,0,,,"7,5",DNA repair protein XRCC1 (aa 1-157),Homo Sapiens,12527765
3K75_SM_modif,1,Monomer,A,TYR,136,ALA,-1,,,"7,5",DNA repair protein XRCC1 (aa 1-157),Homo Sapiens,12527765
3LWK_AF_modif,2,Homo2,A,GLY,24,VAL,0,,,7*,Beta-Crystalline A4,Homo sapiens,35840783
3MZS_A,1,Monomer,A,PHE,220,SER,-1,,,7,CYP11A1,Bos Taurus,20538078
3MZS_A,1,Monomer,A,ILE,13,SER,-1,,,7,CYP11A1,Bos Taurus,20538078
3MZS_A,1,Monomer,A,ILE,245,SER,-1,,,7,CYP11A1,Bos Taurus,20538078
3MZS_A,1,Monomer,A,ILE,328,SER,1,,,7,CYP11A1,Bos Taurus,20538078
3MZS_A,1,Monomer,A,ILE,409,SER,-1,,,7,CYP11A1,Bos Taurus,20538078
3MZS_A,1,Monomer,A,ILE,451,SER,-2,,,7,CYP11A1,Bos Taurus,20538078
3MZS_A,1,Monomer,A,ILE,457,SER,-2,,,7,CYP11A1,Bos Taurus,20538078
3MZS_A,1,Monomer,A,ILE,468,SER,0,,,7,CYP11A1,Bos Taurus,20538078
3MZS_A,1,Monomer,A,ILE,99,SER,0,,,7,CYP11A1,Bos Taurus,20538078
3MZS_A,1,Monomer,A,LYS,194,GLU,2,,,7,CYP11A1,Bos Taurus,20538078
3MZS_A,1,Monomer,A,LEU,184,SER,0,,,7,CYP11A1,Bos Taurus,20538078
3MZS_A,1,Monomer,A,LEU,209,SER,-1,,,7,CYP11A1,Bos Taurus,20538078
3MZS_A,1,Monomer,A,LEU,210,SER,-1,,,7,CYP11A1,Bos Taurus,20538078
3MZS_A,1,Monomer,A,LEU,216,SER,2,,,7,CYP11A1,Bos Taurus,20538078
3MZS_A,1,Monomer,A,LEU,219,SER,-1,,,7,CYP11A1,Bos Taurus,20538078
3MZS_A,1,Monomer,A,LEU,22,SER,-1,,,7,CYP11A1,Bos Taurus,20538078
3MZS_A,1,Monomer,A,LEU,273,SER,-1,,,7,CYP11A1,Bos Taurus,20538078
3MZS_A,1,Monomer,A,LEU,274,SER,-1,,,7,CYP11A1,Bos Taurus,20538078
3MZS_A,1,Monomer,A,LEU,307,SER,-1,,,7,CYP11A1,Bos Taurus,20538078
3MZS_A,1,Monomer,A,LEU,318,SER,-1,,,7,CYP11A1,Bos Taurus,20538078
3MZS_A,1,Monomer,A,LEU,363,SER,-1,,,7,CYP11A1,Bos Taurus,20538078
3MZS_A,1,Monomer,A,LEU,365,SER,-1,,,7,CYP11A1,Bos Taurus,20538078
3MZS_A,1,Monomer,A,LEU,369,SER,-1,,,7,CYP11A1,Bos Taurus,20538078
3MZS_A,1,Monomer,A,LEU,402,SER,-1,,,7,CYP11A1,Bos Taurus,20538078
3MZS_A,1,Monomer,A,VAL,212,SER,-1,,,7,CYP11A1,Bos Taurus,20538078
3MZS_A,1,Monomer,A,VAL,229,SER,-1,,,7,CYP11A1,Bos Taurus,20538078
3MZS_A,1,Monomer,A,VAL,364,SER,-1,,,7,CYP11A1,Bos Taurus,20538078
3MZS_A,1,Monomer,A,VAL,454,SER,-2,,,7,CYP11A1,Bos Taurus,20538078
3MZS_A,1,Monomer,A,VAL,471,SER,-1,,,7,CYP11A1,Bos Taurus,20538078
3MZS_A,1,Monomer,A,TRP,225,SER,0,,,7,CYP11A1,Bos Taurus,20538078
3MZS_A,1,Monomer,A,TYR,217,SER,1,,,7,CYP11A1,Bos Taurus,20538078
3PG0,1,Monomer,A,ALA,62,VAL,-1,,-11%,"8,1",ThreeFoil,de novo,28710274
3PG0,1,Monomer,A,ALA,68,GLY,0,,-8%,"8,1",ThreeFoil,de novo,28710274
3PG0,1,Monomer,A,ASP,49,ASN,0,,5%,"8,1",ThreeFoil,de novo,28710274
3PG0,1,Monomer,A,ASP,85,PRO,-1,,-29%,"8,1",ThreeFoil,de novo,28710274
3PG0,1,Monomer,A,ASP,93,PRO,-1,,-11%,"8,1",ThreeFoil,de novo,28710274
3PG0,1,Monomer,A,GLU,66,LEU,-1,,-29%,"8,1",ThreeFoil,de novo,28710274
3PG0,1,Monomer,A,GLU,66,TYR,-1,,-16%,"8,1",ThreeFoil,de novo,28710274
3PG0,1,Monomer,A,LYS,53,VAL,0,,-5%,"8,1",ThreeFoil,de novo,28710274
3PG0,1,Monomer,A,GLN,78,ILE,-2,,-94%,"8,1",ThreeFoil,de novo,28710274
3PG0,1,Monomer,A,ARG,90,LEU,-1,,-29%,"8,1",ThreeFoil,de novo,28710274
3VUB,2,Homo2,A,ALA,37,MET,-1,,-20%,"7,4",Toxin CcdB,Escherichia coli (strain K12),27563054
3VUB,2,Homo2,A,ASP,19,PHE,-1,,-20%,"7,4",Toxin CcdB,Escherichia coli (strain K12),27563054
3VUB,2,Homo2,A,ASP,19,ASN,-2,,-50%,"7,4",Toxin CcdB,Escherichia coli (strain K12),27563054
3VUB,2,Homo2,A,ASP,67,PRO,-2,,-80%,"7,4",Toxin CcdB,Escherichia coli (strain K12),27563054
3VUB,2,Homo2,A,ASP,67,THR,-2,,-50%,"7,4",Toxin CcdB,Escherichia coli (strain K12),27563054
3VUB,2,Homo2,A,GLU,59,MET,-1,,-10%,"7,4",Toxin CcdB,Escherichia coli (strain K12),27563054
3VUB,2,Homo2,A,PHE,17,ASP,-2,,-100%,"7,4",Toxin CcdB,Escherichia coli (strain K12),27563054
3VUB,2,Homo2,A,PHE,17,SER,-1,,-10%,"7,4",Toxin CcdB,Escherichia coli (strain K12),27563054
3VUB,2,Homo2,A,GLY,29,GLN,-1,,-20%,"7,4",Toxin CcdB,Escherichia coli (strain K12),27563054
3VUB,2,Homo2,A,GLY,29,TRP,-1,,-40%,"7,4",Toxin CcdB,Escherichia coli (strain K12),27563054
3VUB,2,Homo2,A,GLY,77,PHE,-1,,-10%,"7,4",Toxin CcdB,Escherichia coli (strain K12),27563054
3VUB,2,Homo2,A,GLY,77,GLN,-1,,-10%,"7,4",Toxin CcdB,Escherichia coli (strain K12),27563054
3VUB,2,Homo2,A,HIS,55,VAL,0,,0%,"7,4",Toxin CcdB,Escherichia coli (strain K12),27563054
3VUB,2,Homo2,A,HIS,85,ILE,0,,0%,"7,4",Toxin CcdB,Escherichia coli (strain K12),27563054
3VUB,2,Homo2,A,HIS,85,MET,-1,,-10%,"7,4",Toxin CcdB,Escherichia coli (strain K12),27563054
3VUB,2,Homo2,A,HIS,85,SER,-1,,-10%,"7,4",Toxin CcdB,Escherichia coli (strain K12),27563054
3VUB,2,Homo2,A,ILE,34,HIS,-1,,-10%,"7,4",Toxin CcdB,Escherichia coli (strain K12),27563054
3VUB,2,Homo2,A,ILE,56,ASP,-2,,-90%,"7,4",Toxin CcdB,Escherichia coli (strain K12),27563054
3VUB,2,Homo2,A,ILE,56,GLU,-1,,-40%,"7,4",Toxin CcdB,Escherichia coli (strain K12),27563054
3VUB,2,Homo2,A,ILE,56,GLY,-2,,-90%,"7,4",Toxin CcdB,Escherichia coli (strain K12),27563054
3VUB,2,Homo2,A,ILE,56,SER,-2,,-60%,"7,4",Toxin CcdB,Escherichia coli (strain K12),27563054
3VUB,2,Homo2,A,LEU,16,GLU,-2,,-90%,"7,4",Toxin CcdB,Escherichia coli (strain K12),27563054
3VUB,2,Homo2,A,LEU,16,SER,-2,,-60%,"7,4",Toxin CcdB,Escherichia coli (strain K12),27563054
3VUB,2,Homo2,A,LEU,16,THR,-1,,-10%,"7,4",Toxin CcdB,Escherichia coli (strain K12),27563054
3VUB,2,Homo2,A,LEU,36,LYS,-2,,-100%,"7,4",Toxin CcdB,Escherichia coli (strain K12),27563054
3VUB,2,Homo2,A,LEU,36,ASN,-2,,-100%,"7,4",Toxin CcdB,Escherichia coli (strain K12),27563054
3VUB,2,Homo2,A,LEU,36,SER,-2,,-100%,"7,4",Toxin CcdB,Escherichia coli (strain K12),27563054
3VUB,2,Homo2,A,LEU,41,PHE,-2,,-60%,"7,4",Toxin CcdB,Escherichia coli (strain K12),27563054
3VUB,2,Homo2,A,LEU,83,ILE,-1,,-10%,"7,4",Toxin CcdB,Escherichia coli (strain K12),27563054
3VUB,2,Homo2,A,LEU,83,LYS,-2,,-100%,"7,4",Toxin CcdB,Escherichia coli (strain K12),27563054
3VUB,2,Homo2,A,MET,32,GLU,-1,,-30%,"7,4",Toxin CcdB,Escherichia coli (strain K12),27563054
3VUB,2,Homo2,A,MET,32,LEU,-1,,-10%,"7,4",Toxin CcdB,Escherichia coli (strain K12),27563054
3VUB,2,Homo2,A,MET,32,ASN,-2,,-90%,"7,4",Toxin CcdB,Escherichia coli (strain K12),27563054
3VUB,2,Homo2,A,MET,32,TRP,-1,,-20%,"7,4",Toxin CcdB,Escherichia coli (strain K12),27563054
3VUB,2,Homo2,A,MET,63,ALA,-1,,-10%,"7,4",Toxin CcdB,Escherichia coli (strain K12),27563054
3VUB,2,Homo2,A,MET,63,ASP,-2,,-100%,"7,4",Toxin CcdB,Escherichia coli (strain K12),27563054
3VUB,2,Homo2,A,MET,63,ASN,-2,,-60%,"7,4",Toxin CcdB,Escherichia coli (strain K12),27563054
3VUB,2,Homo2,A,MET,64,GLU,-1,,-20%,"7,4",Toxin CcdB,Escherichia coli (strain K12),27563054
3VUB,2,Homo2,A,MET,64,GLY,-2,,-80%,"7,4",Toxin CcdB,Escherichia coli (strain K12),27563054
3VUB,2,Homo2,A,PRO,52,THR,-1,,-20%,"7,4",Toxin CcdB,Escherichia coli (strain K12),27563054
3VUB,2,Homo2,A,ARG,31,GLY,-1,,-40%,"7,4",Toxin CcdB,Escherichia coli (strain K12),27563054
3VUB,2,Homo2,A,ARG,40,ILE,-1,,-10%,"7,4",Toxin CcdB,Escherichia coli (strain K12),27563054
3VUB,2,Homo2,A,ARG,86,LEU,0,,0%,"7,4",Toxin CcdB,Escherichia coli (strain K12),27563054
3VUB,2,Homo2,A,SER,43,ARG,-1,,-10%,"7,4",Toxin CcdB,Escherichia coli (strain K12),27563054
3VUB,2,Homo2,A,SER,70,TRP,-2,,-50%,"7,4",Toxin CcdB,Escherichia coli (strain K12),27563054
3VUB,2,Homo2,A,THR,65,ASN,-1,,-40%,"7,4",Toxin CcdB,Escherichia coli (strain K12),27563054
3VUB,2,Homo2,A,VAL,18,ALA,-1,,-30%,"7,4",Toxin CcdB,Escherichia coli (strain K12),27563054
3VUB,2,Homo2,A,VAL,18,CYS,-1,,-20%,"7,4",Toxin CcdB,Escherichia coli (strain K12),27563054
3VUB,2,Homo2,A,VAL,18,ASP,-2,,-90%,"7,4",Toxin CcdB,Escherichia coli (strain K12),27563054
3VUB,2,Homo2,A,VAL,18,GLU,-2,,-90%,"7,4",Toxin CcdB,Escherichia coli (strain K12),27563054
3VUB,2,Homo2,A,VAL,18,PHE,-2,,-70%,"7,4",Toxin CcdB,Escherichia coli (strain K12),27563054
3VUB,2,Homo2,A,VAL,18,GLY,-2,,-70%,"7,4",Toxin CcdB,Escherichia coli (strain K12),27563054
3VUB,2,Homo2,A,VAL,18,HIS,-2,,-80%,"7,4",Toxin CcdB,Escherichia coli (strain K12),27563054
3VUB,2,Homo2,A,VAL,18,LYS,-2,,-80%,"7,4",Toxin CcdB,Escherichia coli (strain K12),27563054
3VUB,2,Homo2,A,VAL,18,LEU,-1,,-10%,"7,4",Toxin CcdB,Escherichia coli (strain K12),27563054
3VUB,2,Homo2,A,VAL,18,ARG,-2,,-90%,"7,4",Toxin CcdB,Escherichia coli (strain K12),27563054
3VUB,2,Homo2,A,VAL,18,SER,-2,,-50%,"7,4",Toxin CcdB,Escherichia coli (strain K12),27563054
3VUB,2,Homo2,A,VAL,18,THR,-1,,-30%,"7,4",Toxin CcdB,Escherichia coli (strain K12),27563054
3VUB,2,Homo2,A,VAL,18,TYR,-2,,-80%,"7,4",Toxin CcdB,Escherichia coli (strain K12),27563054
3VUB,2,Homo2,A,VAL,33,ASP,-2,,-60%,"7,4",Toxin CcdB,Escherichia coli (strain K12),27563054
3VUB,2,Homo2,A,VAL,33,LYS,-2,,-90%,"7,4",Toxin CcdB,Escherichia coli (strain K12),27563054
3VUB,2,Homo2,A,VAL,33,MET,-1,,-10%,"7,4",Toxin CcdB,Escherichia coli (strain K12),27563054
3VUB,2,Homo2,A,VAL,33,ARG,-2,,-90%,"7,4",Toxin CcdB,Escherichia coli (strain K12),27563054
3VUB,2,Homo2,A,VAL,54,ASP,-2,,-50%,"7,4",Toxin CcdB,Escherichia coli (strain K12),27563054
3VUB,2,Homo2,A,VAL,54,GLU,-2,,-60%,"7,4",Toxin CcdB,Escherichia coli (strain K12),27563054
3VUB,2,Homo2,A,VAL,54,GLY,-2,,-80%,"7,4",Toxin CcdB,Escherichia coli (strain K12),27563054
3VUB,2,Homo2,A,VAL,54,SER,-2,,-50%,"7,4",Toxin CcdB,Escherichia coli (strain K12),27563054
3VUB,2,Homo2,A,VAL,5,LEU,-2,,-70%,"7,4",Toxin CcdB,Escherichia coli (strain K12),27563054
3VUB,2,Homo2,A,VAL,5,SER,-2,,-70%,"7,4",Toxin CcdB,Escherichia coli (strain K12),27563054
3VUB,2,Homo2,A,VAL,71,GLY,-1,,-40%,"7,4",Toxin CcdB,Escherichia coli (strain K12),27563054
3VUB,2,Homo2,A,VAL,73,PHE,-2,,-50%,"7,4",Toxin CcdB,Escherichia coli (strain K12),27563054
3VUB,2,Homo2,A,VAL,75,HIS,-1,,-10%,"7,4",Toxin CcdB,Escherichia coli (strain K12),27563054
3VUB,2,Homo2,A,VAL,80,MET,-1,,-10%,"7,4",Toxin CcdB,Escherichia coli (strain K12),27563054
3VUB,2,Homo2,A,VAL,80,ASN,-1,,-20%,"7,4",Toxin CcdB,Escherichia coli (strain K12),27563054
3VUB,2,Homo2,A,TYR,6,GLY,-2,,-90%,"7,4",Toxin CcdB,Escherichia coli (strain K12),27563054
3VUB,2,Homo2,A,TYR,6,PRO,-2,,-100%,"7,4",Toxin CcdB,Escherichia coli (strain K12),27563054
4AH6,2,Homo2,A,LEU,613,PHE,1,,10%,"7,5","Aspartate--tRNA ligase, mitochondrial",Homo sapiens,26620921
4AH6,2,Homo2,A,LEU,626,GLN,-1,,-30%,"7,5","Aspartate--tRNA ligase, mitochondrial",Homo sapiens,26620921
4AH6,2,Homo2,A,GLN,184,LYS,-2,,-100%,"7,5","Aspartate--tRNA ligase, mitochondrial",Homo sapiens,26620921
4AH6,2,Homo2,A,ARG,263,GLN,-2,,-60%,"7,5","Aspartate--tRNA ligase, mitochondrial",Homo sapiens,26620921
4AH6,2,Homo2,A,ARG,58,GLY,-1,,-30%,"7,5","Aspartate--tRNA ligase, mitochondrial",Homo sapiens,26620921
4AH6,2,Homo2,A,THR,136,SER,-1,,-40%,"7,5","Aspartate--tRNA ligase, mitochondrial",Homo sapiens,26620921
4CG4,2,Homo2,A,MET,694,ILE,0,,,"7,6",Pyrin,Homo Sapiens,24318677
4CG4,2,Homo2,A,MET,694,VAL,0,,,"7,6",Pyrin,Homo Sapiens,24318677
4ROV,1,Monomer,A,CYS,221,ALA,0,,,7,APOBEC3G,Homo Sapiens,17869248
4ROV,1,Monomer,A,CYS,243,ALA,0,,,7,APOBEC3G,Homo Sapiens,17869248
4ROV,1,Monomer,A,CYS,261,ALA,-1,,,7,APOBEC3G,Homo Sapiens,17869248
4ROV,1,Monomer,A,CYS,281,ALA,-1,,,7,APOBEC3G,Homo Sapiens,17869248
4ROV,1,Monomer,A,CYS,288,ALA,-1,,,7,APOBEC3G,Homo Sapiens,17869248
4ROV,1,Monomer,A,CYS,291,ALA,0,,,7,APOBEC3G,Homo Sapiens,17869248
4ROV,1,Monomer,A,CYS,308,ALA,-1,,,7,APOBEC3G,Homo Sapiens,17869248
4ROV,1,Monomer,A,CYS,321,ALA,0,,,7,APOBEC3G,Homo Sapiens,17869248
4ROV,1,Monomer,A,CYS,346,ALA,0,,,7,APOBEC3G,Homo Sapiens,17869248
4ROV,1,Monomer,A,CYS,356,ALA,0,,,7,APOBEC3G,Homo Sapiens,17869248
4ROV,1,Monomer,A,GLU,259,ALA,0,,,7,APOBEC3G,Homo Sapiens,17869248
4ROV,1,Monomer,A,PHE,202,ALA,0,,,7,APOBEC3G,Homo Sapiens,17869248
4ROV,1,Monomer,A,PHE,204,ALA,0,,,7,APOBEC3G,Homo Sapiens,17869248
4ROV,1,Monomer,A,PHE,206,ALA,0,,,7,APOBEC3G,Homo Sapiens,17869248
4ROV,1,Monomer,A,PHE,241,ALA,1,,,7,APOBEC3G,Homo Sapiens,17869248
4ROV,1,Monomer,A,PHE,252,ALA,0,,,7,APOBEC3G,Homo Sapiens,17869248
4ROV,1,Monomer,A,PHE,268,ALA,0,,,7,APOBEC3G,Homo Sapiens,17869248
4ROV,1,Monomer,A,PHE,289,ALA,0,,,7,APOBEC3G,Homo Sapiens,17869248
4ROV,1,Monomer,A,PHE,310,ALA,0,,,7,APOBEC3G,Homo Sapiens,17869248
4ROV,1,Monomer,A,ILE,299,ALA,0,,,7,APOBEC3G,Homo Sapiens,17869248
4ROV,1,Monomer,A,ILE,337,ALA,0,,,7,APOBEC3G,Homo Sapiens,17869248
4ROV,1,Monomer,A,LEU,234,ALA,1,,,7,APOBEC3G,Homo Sapiens,17869248
4ROV,1,Monomer,A,LEU,235,ALA,1,,,7,APOBEC3G,Homo Sapiens,17869248
4ROV,1,Monomer,A,LEU,253,ALA,1,,,7,APOBEC3G,Homo Sapiens,17869248
4ROV,1,Monomer,A,LEU,260,ALA,-1,,,7,APOBEC3G,Homo Sapiens,17869248
4ROV,1,Monomer,A,LEU,273,ALA,0,,,7,APOBEC3G,Homo Sapiens,17869248
4ROV,1,Monomer,A,LEU,371,ALA,1,,,7,APOBEC3G,Homo Sapiens,17869248
4ROV,1,Monomer,A,MET,227,ALA,0,,,7,APOBEC3G,Homo Sapiens,17869248
4ROV,1,Monomer,A,VAL,212,ALA,0,,,7,APOBEC3G,Homo Sapiens,17869248
4ROV,1,Monomer,A,VAL,233,ALA,0,,,7,APOBEC3G,Homo Sapiens,17869248
4ROV,1,Monomer,A,VAL,265,ALA,0,,,7,APOBEC3G,Homo Sapiens,17869248
4ROV,1,Monomer,A,TRP,211,ALA,0,,,7,APOBEC3G,Homo Sapiens,17869248
4ROV,1,Monomer,A,TRP,232,ALA,0,,,7,APOBEC3G,Homo Sapiens,17869248
4ROV,1,Monomer,A,TRP,269,ALA,-1,,,7,APOBEC3G,Homo Sapiens,17869248
4ROV,1,Monomer,A,TYR,340,ALA,0,,,7,APOBEC3G,Homo Sapiens,17869248
4V06,1,Monomer,A,PRO,449,ARG,0,,,7*,Tryptophan 5-hydroxylase 2,Homo Sapiens,17181551
4V06,1,Monomer,A,ARG,303,TRP,-2,,,7*,Tryptophan 5-hydroxylase 2,Homo Sapiens,18347598
4V06,1,Monomer,A,ARG,441,HIS,-2,,,7*,Tryptophan 5-hydroxylase 2,Homo Sapiens,17181551
4YE6_AF,1,Monomer,A,GLY,45,VAL,0,,,8,Glutamine--tRNA ligase,Homo Sapiens,24656866
4YE6_AF,1,Monomer,A,ARG,403,TRP,-1,,,8,Glutamine--tRNA ligase,Homo Sapiens,24656866
4YE6_AF,1,Monomer,A,ARG,515,TRP,-1,,,8,Glutamine--tRNA ligase,Homo Sapiens,24656866
4YE6_AF,1,Monomer,A,TYR,57,HIS,0,,,8,Glutamine--tRNA ligase,Homo Sapiens,24656866
5DOT_PUC_SM_modif,2,Homo2,A,GLY,1376,SER,0,,,"7,4",CPS1,Homo Sapiens,20578160
5DOT_PUC_SM_modif,2,Homo2,A,HIS,337,ARG,0,,,"7,4",CPS1,Homo Sapiens,20578160
5DOT_PUC_SM_modif,2,Homo2,A,PRO,1411,LEU,0,,,"7,4",CPS1,Homo Sapiens,20578160
5DOT_PUC_SM_modif,2,Homo2,A,PRO,774,LEU,0,,,"7,4",CPS1,Homo Sapiens,20578160
5DOT_PUC_SM_modif,2,Homo2,A,GLN,678,PRO,-1,,,"7,4",CPS1,Homo Sapiens,20578160
5DOT_PUC_SM_modif,2,Homo2,A,ARG,1453,GLN,0,,,"7,4",CPS1,Homo Sapiens,20578160
5DOT_PUC_SM_modif,2,Homo2,A,ARG,1453,TRP,0,,,"7,4",CPS1,Homo Sapiens,20578160
5DOT_PUC_SM_modif,2,Homo2,A,SER,123,PHE,0,,,"7,4",CPS1,Homo Sapiens,20578160
5DOT_PUC_SM_modif,2,Homo2,A,THR,471,ASN,0,,,"7,4",CPS1,Homo Sapiens,20578160
5DOT_PUC_SM_modif,2,Homo2,A,TYR,1491,HIS,0,,,"7,4",CPS1,Homo Sapiens,20578160
5F59_SM_modif,1,Monomer,A,GLU,863,LYS,1,,,"7,5",Histone-lysine N-methyltransferase 2C,Homo sapiens,33753520
5F59_SM_modif,1,Monomer,A,PHE,888,GLY,2,,,"7,5",Histone-lysine N-methyltransferase 2C,Homo sapiens,33753520
5F59_SM_modif,1,Monomer,A,GLY,823,GLN,2,,,"7,5",Histone-lysine N-methyltransferase 2C,Homo sapiens,33753520
5F59_SM_modif,1,Monomer,A,HIS,866,ARG,2,,,"7,5",Histone-lysine N-methyltransferase 2C,Homo sapiens,33753520
5F59_SM_modif,1,Monomer,A,ILE,801,THR,2,,,"7,5",Histone-lysine N-methyltransferase 2C,Homo sapiens,33753520
5F59_SM_modif,1,Monomer,A,ILE,868,VAL,2,,,"7,5",Histone-lysine N-methyltransferase 2C,Homo sapiens,33753520
5F59_SM_modif,1,Monomer,A,LYS,887,GLY,2,,,"7,5",Histone-lysine N-methyltransferase 2C,Homo sapiens,33753520
5F59_SM_modif,1,Monomer,A,VAL,797,ILE,2,,,"7,5",Histone-lysine N-methyltransferase 2C,Homo sapiens,33753520
5F59_SM_modif,1,Monomer,A,VAL,809,GLU,2,,,"7,5",Histone-lysine N-methyltransferase 2C,Homo sapiens,33753520
5F59_SM_modif,1,Monomer,A,VAL,860,MET,1,,,"7,5",Histone-lysine N-methyltransferase 2C,Homo sapiens,33753520
5FTJ_PUC_SM,6,Homo6,A,PRO,137,LEU,-2,,,8,Transitional endoplasmic reticulum ATPase,Homo Sapiens,23333620
5FTJ_PUC_SM,6,Homo6,A,ARG,155,CYS,0,,,8,Transitional endoplasmic reticulum ATPase,Homo Sapiens,23333620
5FTJ_PUC_SM,6,Homo6,A,ARG,95,GLY,0,,,8,Transitional endoplasmic reticulum ATPase,Homo Sapiens,23333620
5U9A,1,Monomer,A,HIS,82,TYR,0,,,7,Aryl-hydrocarbon interacting protein-like-1,Homo Sapiens,16052170
5VNW_C,1,Monomer,C,ALA,31,ASP,2,,64%,"7,4",Nanobody NB202,Synthetic,37024501
5VNW_C,1,Monomer,C,HIS,53,PRO,1,,24%,"7,4",Nanobody NB202,Synthetic,37024501
5VNW_C,1,Monomer,C,HIS,53,ARG,2,,84%,"7,4",Nanobody NB203,Synthetic,37024501
5VNW_C,1,Monomer,C,THR,100,LYS,2,,93%,"7,4",Nanobody NB206,Synthetic,37024501
5VNW_C,1,Monomer,C,THR,100,ARG,2,,64%,"7,4",Nanobody NB207,Synthetic,37024501
5VNW_C,1,Monomer,C,THR,55,ASP,2,,80%,"7,4",Nanobody NB204,Synthetic,37024501
5VNW_C,1,Monomer,C,THR,55,GLY,2,,60%,"7,4",Nanobody NB205,Synthetic,37024501
6FYQ,1,Homo2,A,PHE,16,THR,-2,,,8,VbTA,Virgibacillus 21D,30401905
6Q3W,1,Monomer,A,ALA,198,VAL,0,,,"7,5",Galactokinase,Homo Sapiens,12694189
6Q3W,1,Monomer,A,ALA,384,PRO,-2,,,"7,5",Galactokinase,Homo Sapiens,12694189
6Q3W,1,Monomer,A,GLY,346,SER,0,,,"7,5",Galactokinase,Homo Sapiens,12694189
6Q3W,1,Monomer,A,GLY,349,SER,0,,,"7,5",Galactokinase,Homo Sapiens,12694189
6Q3W,1,Monomer,A,GLY,36,ARG,-2,,,"7,5",Galactokinase,Homo Sapiens,12694189
6Q3W,1,Monomer,A,HIS,44,TYR,0,,,"7,5",Galactokinase,Homo Sapiens,12694189
6Q3W,1,Monomer,A,PRO,28,THR,-2,,,"7,5",Galactokinase,Homo Sapiens,12694189
6Q3W,1,Monomer,A,ARG,68,CYS,-1,,,"7,5",Galactokinase,Homo Sapiens,12694189
6Q3W,1,Monomer,A,THR,288,MET,-2,,,"7,5",Galactokinase,Homo Sapiens,12694189
6Q3W,1,Monomer,A,VAL,32,MET,-2,,,"7,5",Galactokinase,Homo Sapiens,12694189
7WWT,2,Homo2,A,GLU,40,LYS,-1,,,7,Superoxide dismutase 1,Canis Lupus Familiaris,37156398
9ILB,1,Monomer,A,CYS,8,SER,-2,,,"6,7",interleukin-1 beta,Homo Sapiens,8394358
9ILB,1,Monomer,A,ASP,76,GLY,-1,,,"6,7",interleukin-1 beta,Homo Sapiens,8394358
9ILB,1,Monomer,A,GLU,96,GLY,-1,,,"6,7",interleukin-1 beta,Homo Sapiens,8394358
9ILB,1,Monomer,A,GLU,96,VAL,-2,,,"6,7",interleukin-1 beta,Homo Sapiens,8394358
9ILB,1,Monomer,A,LYS,74,GLU,-2,,,"6,7",interleukin-1 beta,Homo Sapiens,8394358
9ILB,1,Monomer,A,LYS,88,GLY,-2,,,"6,7",interleukin-1 beta,Homo Sapiens,8394358
9ILB,1,Monomer,A,LYS,88,LEU,-1,,,"6,7",interleukin-1 beta,Homo Sapiens,8394358
9ILB,1,Monomer,A,LYS,88,VAL,-2,,,"6,7",interleukin-1 beta,Homo Sapiens,8394358
9ILB,1,Monomer,A,LYS,92,MET,0,,,"6,7",interleukin-1 beta,Homo Sapiens,8394358
9ILB,1,Monomer,A,LYS,93,MET,0,,,"6,7",interleukin-1 beta,Homo Sapiens,8394358
9ILB,1,Monomer,A,LYS,93,ARG,0,,,"6,7",interleukin-1 beta,Homo Sapiens,8394358
9ILB,1,Monomer,A,LYS,94,GLY,0,,,"6,7",interleukin-1 beta,Homo Sapiens,8394358
9ILB,1,Monomer,A,LYS,94,MET,0,,,"6,7",interleukin-1 beta,Homo Sapiens,8394358
9ILB,1,Monomer,A,LYS,94,TRP,0,,,"6,7",interleukin-1 beta,Homo Sapiens,8394358
9ILB,1,Monomer,A,LYS,97,GLY,0,,,"6,7",Interleukin-1 beta,Homo Sapiens,8394358
9ILB,1,Monomer,A,LYS,97,ARG,0,,,"6,7",Interleukin-1 beta,Homo Sapiens,8394358
9ILB,1,Monomer,A,LYS,97,VAL,0,,,"6,7",Interleukin-1 beta,Homo Sapiens,8394358
9ILB,1,Monomer,A,LEU,10,ALA,-1,,,"6,7",interleukin-1 beta,Homo Sapiens,8394358
9ILB,1,Monomer,A,LEU,10,CYS,-1,,,"6,7",interleukin-1 beta,Homo Sapiens,8394358
9ILB,1,Monomer,A,LEU,10,ASP,-1,,,"6,7",Interleukin-1 beta,Homo Sapiens,8394358
9ILB,1,Monomer,A,LEU,10,PHE,-1,,,"6,7",interleukin-1 beta,Homo Sapiens,8394358
9ILB,1,Monomer,A,LEU,10,ASN,-1,,,"6,7",Interleukin-1 beta,Homo Sapiens,8394358
9ILB,1,Monomer,A,LEU,10,SER,-1,,,"6,7",interleukin-1 beta,Homo Sapiens,8394358
9ILB,1,Monomer,A,LEU,10,THR,-1,,,"6,7",Interleukin-1 beta,Homo Sapiens,8394358
9ILB,1,Monomer,A,LEU,10,TYR,-1,,,"6,7",interleukin-1 beta,Homo Sapiens,8394358
9ILB,1,Monomer,A,LEU,6,ALA,-1,,,"6,7",interleukin-1 beta,Homo Sapiens,8394358
9ILB,1,Monomer,A,LEU,6,LYS,0,,,"6,7",interleukin-1 beta,Homo Sapiens,8394358
9ILB,1,Monomer,A,LEU,80,VAL,-1,,,"6,7",interleukin-1 beta,Homo Sapiens,8394358
9ILB,1,Monomer,A,MET,95,ARG,-2,,,"6,7",interleukin-1 beta,Homo Sapiens,8394358
9ILB,1,Monomer,A,ASN,7,CYS,-1,,,"6,7",interleukin-1 beta,Homo Sapiens,8394358
9ILB,1,Monomer,A,ASN,7,GLY,-1,,,"6,7",interleukin-1 beta,Homo Sapiens,8394358
9ILB,1,Monomer,A,ASN,89,CYS,-2,,,"6,7",interleukin-1 beta,Homo Sapiens,8394358
9ILB,1,Monomer,A,ASN,89,PHE,-2,,,"6,7",interleukin-1 beta,Homo Sapiens,8394358
9ILB,1,Monomer,A,ASN,89,GLY,-2,,,"6,7",interleukin-1 beta,Homo Sapiens,8394358
9ILB,1,Monomer,A,ASN,89,ARG,-1,,,"6,7",interleukin-1 beta,Homo Sapiens,8394358
9ILB,1,Monomer,A,ARG,4,LYS,0,,,"6,7",interleukin-1 beta,Homo Sapiens,8394358
9ILB,1,Monomer,A,ARG,4,PRO,0,,,"6,7",interleukin-1 beta,Homo Sapiens,8394358
9ILB,1,Monomer,A,ARG,4,GLN,-1,,,"6,7",interleukin-1 beta,Homo Sapiens,8394358
9ILB,1,Monomer,A,ARG,4,SER,-1,,,"6,7",interleukin-1 beta,Homo Sapiens,8394358
9ILB,1,Monomer,A,ARG,4,VAL,0,,,"6,7",interleukin-1 beta,Homo Sapiens,8394358
9ILB,1,Monomer,A,SER,5,GLU,0,,,"6,7",interleukin-1 beta,Homo Sapiens,8394358
9ILB,1,Monomer,A,SER,5,GLY,0,,,"6,7",interleukin-1 beta,Homo Sapiens,8394358
9ILB,1,Monomer,A,SER,5,ARG,0,,,"6,7",interleukin-1 beta,Homo Sapiens,8394358
9ILB,1,Monomer,A,THR,79,ALA,-2,,,"6,7",interleukin-1 beta,Homo Sapiens,8394358
9ILB,1,Monomer,A,THR,9,ALA,0,,,"6,7",Interleukin-1 beta,Homo Sapiens,8394358
9ILB,1,Monomer,A,THR,9,GLU,-2,,,"6,7",interleukin-1 beta,Homo Sapiens,8394358
9ILB,1,Monomer,A,THR,9,GLY,-1,,,"6,7",Interleukin-1 beta,Homo Sapiens,8394358
9ILB,1,Monomer,A,THR,9,LEU,-1,,,"6,7",Interleukin-1 beta,Homo Sapiens,8394358
9ILB,1,Monomer,A,THR,9,GLN,-1,,,"6,7",Interleukin-1 beta,Homo Sapiens,8394358
9ILB,1,Monomer,A,THR,9,TRP,-1,,,"6,7",interleukin-1 beta,Homo Sapiens,8394358
9ILB,1,Monomer,A,TYR,90,LEU,-2,,,"6,7",interleukin-1 beta,Homo Sapiens,8394358
9ILB,1,Monomer,A,TYR,90,ARG,-2,,,"6,7",interleukin-1 beta,Homo Sapiens,8394358
9ILB,1,Monomer,A,TYR,90,SER,-1,,,"6,7",interleukin-1 beta,Homo Sapiens,8394358
9ILB,1,Monomer,A,TYR,90,VAL,-2,,,"6,7",interleukin-1 beta,Homo Sapiens,8394358
Model_0_AF,1,Monomer,A,ASN,131,ASP,1,,,"7,5",S1 dihyfdrofolate reductase,S. Aureus,7971955
Model_0_AF,1,Monomer,A,ASN,49,GLU,2,,,"7,5",S1 dihyfdrofolate reductase,S. Aureus,7971955
Model_0_AF,1,Monomer,A,GLN,18,ASP,0,,,"7,5",S1 dihyfdrofolate reductase,S. Aureus,7971955
Model_0_AF,1,Monomer,A,GLN,66,ASP,0,,,"7,5",S1 dihyfdrofolate reductase,S. Aureus,7971955
Model_03_AF,1,Monomer,A,GLU,106,GLY,1,,13%,"7,5",TEV,Tobacco etch virus,17905838
Model_03_AF,1,Monomer,A,LYS,45,PHE,0,,0%,"7,5",TEV,Tobacco etch virus,17905838
Model_03_AF,1,Monomer,A,LEU,56,VAL,2,,313%,"7,5",TEV,Tobacco etch virus,17905838
Model_03_AF,1,Monomer,A,GLN,58,PHE,0,,7%,"7,5",TEV,Tobacco etch virus,17905838
Model_03_AF,1,Monomer,A,SER,135,GLY,2,,286%,"7,5",TEV,Tobacco etch virus,17905838
Model_05_AF,4,Homo4,A,ALA,18,ASP,1,,44%,"7,5",D-NCAase,Burkholderia pickettii,17121498
Model_05_AF,1,Homo4,A,ALA,18,GLU,1,,47%,"7,5",D-NCAase,Burkholderia pickettii,17121498
Model_05_AF,1,Homo4,A,ALA,18,LYS,0,,0%,"7,5",D-NCAase,Burkholderia pickettii,17121498
Model_05_AF,1,Homo4,A,ALA,18,LEU,0,,0%,"7,5",D-NCAase,Burkholderia pickettii,17121498
Model_05_AF,1,Homo4,A,ALA,18,ASN,1,,42%,"7,5",D-NCAase,Burkholderia pickettii,17121498
Model_05_AF,1,Homo4,A,ALA,18,ARG,0,,0%,"7,5",D-NCAase,Burkholderia pickettii,17121498
Model_05_AF,1,Homo4,A,ALA,18,THR,1,,34%,"7,5",D-NCAase,Burkholderia pickettii,17121498
Model_05_AF,1,Homo4,A,ALA,18,TYR,1,,40%,"7,5",D-NCAase,Burkholderia pickettii,17121498
Model_05_AF,1,Homo4,A,LYS,34,ALA,0,,0%,"7,5",D-NCAase,Burkholderia pickettii,17121498
Model_05_AF,1,Homo4,A,LYS,34,ASP,2,,81%,"7,5",D-NCAase,Burkholderia pickettii,17121498
Model_05_AF,1,Homo4,A,LYS,34,GLU,1,,37%,"7,5",D-NCAase,Burkholderia pickettii,17121498
Model_05_AF,1,Homo4,A,LYS,34,GLY,0,,0%,"7,5",D-NCAase,Burkholderia pickettii,17121498
Model_05_AF,1,Homo4,A,LYS,34,HIS,0,,0%,"7,5",D-NCAase,Burkholderia pickettii,17121498
Model_05_AF,1,Homo4,A,LYS,34,LEU,0,,0%,"7,5",D-NCAase,Burkholderia pickettii,17121498
Model_05_AF,1,Homo4,A,LYS,34,ARG,0,,0%,"7,5",D-NCAase,Burkholderia pickettii,17121498
Model_05_AF,1,Homo4,A,TYR,30,ALA,0,,0%,"7,5",D-NCAase,Burkholderia pickettii,17121498
Model_05_AF,1,Homo4,A,TYR,30,ASP,2,,122%,"7,5",D-NCAase,Burkholderia pickettii,17121498
Model_05_AF,1,Homo4,A,TYR,30,GLU,2,,81%,"7,5",D-NCAase,Burkholderia pickettii,17121498
Model_05_AF,1,Homo4,A,TYR,30,GLY,0,,0%,"7,5",D-NCAase,Burkholderia pickettii,17121498
Model_05_AF,1,Homo4,A,TYR,30,LYS,0,,0%,"7,5",D-NCAase,Burkholderia pickettii,17121498
Model_05_AF,1,Homo4,A,TYR,30,LEU,0,,0%,"7,5",D-NCAase,Burkholderia pickettii,17121498
Model_05_AF,1,Homo4,A,TYR,30,ASN,2,,55%,"7,5",D-NCAase,Burkholderia pickettii,17121498
Model_05_AF,1,Homo4,A,TYR,30,ARG,0,,0%,"7,5",D-NCAase,Burkholderia pickettii,17121498
Model_06_AF,4,Homo4,A,LYS,407,GLU,0,,,7,Xylose isomerase,Lactococcus lactis subsp. lactis IO-1,15240315
Model_06_AF,4,Homo4,A,SER,247,ALA,0,,,7,Xylose isomerase,Lactococcus lactis subsp. lactis IO-1,15240315
Model_06_AF,4,Homo4,A,SER,388,THR,-2,,,7,Xylose isomerase,Lactococcus lactis subsp. lactis IO-1,15240315
Model_07_AF,1,Monomer,A,ASP,214,ALA,-2,,-87%,7*,Isopenicillin N synthase,Streptomyces clavuligerus,10.1016/S1381-1177(98)00072-1
Model_07_AF,1,Monomer,A,LYS,199,ARG,0,,0%,7*,Isopenicillin N synthase,Streptomyces clavuligerus,10.1016/S1381-1177(98)00072-1
Model_07_AF,1,Monomer,A,GLN,328,LEU,0,,0%,7*,Isopenicillin N synthase,Streptomyces clavuligerus,10.1016/S1381-1177(98)00072-1
Model_07_AF,1,Monomer,A,TYR,311,CYS,1,,13%,7*,Isopenicillin N synthase,Streptomyces clavuligerus,10.1016/S1381-1177(98)00072-1
Model_09_AF,1,Monomer,A,LYS,146,ALA,0,,,"6,8",Metalloproteinase inhibitor 3,Homo Sapiens,17202148
Model_09_AF,1,Monomer,A,LYS,148,ALA,0,,,"6,8",Metalloproteinase inhibitor 3,Homo Sapiens,17202148
Model_09_AF,1,Monomer,A,LYS,160,ALA,0,,,"6,8",Metalloproteinase inhibitor 3,Homo Sapiens,17202148
Model_09_AF,1,Monomer,A,LYS,188,ALA,0,,,"6,8",Metalloproteinase inhibitor 3,Homo Sapiens,17202148
Model_09_AF,1,Monomer,A,ARG,186,ALA,0,,,"6,8",Metalloproteinase inhibitor 3,Homo Sapiens,17202148
Model_100_SM,10,Homo10,A,ALA,388,ARG,0,,,7*,Lysine Decarboxylase,Escherichia Coli,37071041
Model_100_SM,10,Homo10,A,LEU,26,GLN,0,,,7*,Lysine Decarboxylase,Escherichia Coli,37071041
Model_100_SM,10,Homo10,A,MET,711,ALA,0,,,7*,Lysine Decarboxylase,Escherichia Coli,37071041
Model_100_SM,10,Homo10,A,MET,711,ASP,1,,32%,7*,Lysine Decarboxylase,Escherichia Coli,37071041
Model_100_SM,10,Homo10,A,MET,711,GLU,1,,32%,7*,Lysine Decarboxylase,Escherichia Coli,37071041
Model_100_SM,10,Homo10,A,GLN,109,THR,0,,,7*,Lysine Decarboxylase,Escherichia Coli,37071041
Model_100_SM,10,Homo10,A,ARG,143,GLY,0,,,7*,Lysine Decarboxylase,Escherichia Coli,37071041
Model_100_SM,10,Homo10,A,THR,671,ALA,0,,,7*,Lysine Decarboxylase,Escherichia Coli,37071041
Model_100_SM,10,Homo10,A,VAL,467,LEU,0,,,7*,Lysine Decarboxylase,Escherichia Coli,37071041
Model_100_SM,10,Homo10,A,VAL,682,ILE,0,,,7*,Lysine Decarboxylase,Escherichia Coli,37071041
Model_13_AF,2,Homo2,A,LEU,165,PRO,-2,,,"7,5",Matrix protein,Measles virus,19397874
Model_13_AF,2,Homo2,A,LEU,250,PRO,-2,,,"7,5",Matrix protein,Measles virus,19397874
Model_13_AF,2,Homo2,A,TYR,282,HIS,-2,,,"7,5",Matrix protein,Measles virus,19397874
Model_15_AF,1,Monomer,A,GLU,407,LYS,0,,,7,xylose isomerase [Lactococcus lactis subsp. 210],Streptococcus lactis,15240315
Model_15_AF,1,Monomer,A,ARG,202,MET,0,,,7,xylose isomerase [Lactococcus lactis subsp. 210],Streptococcus lactis,15240315
Model_15_AF,1,Monomer,A,THR,388,SER,0,,,7,xylose isomerase [Lactococcus lactis subsp. 210],Streptococcus lactis,15240315
Model_15_AF,1,Monomer,A,VAL,275,ALA,0,,,7,xylose isomerase [Lactococcus lactis subsp. 210],Streptococcus lactis,15240315
Model_15_AF,1,Monomer,A,TYR,218,ASP,0,,,7,xylose isomerase [Lactococcus lactis subsp. 210],Streptococcus lactis,15240315
Model_16_AF,2,Homo2,A,ALA,185,LYS,0,,,"7,5",Trans-activator protein BZLF1,Epstein-Barr virus,16940523/17215287
Model_16_AF,2,Homo2,A,ALA,185,VAL,0,,,"7,5",Trans-activator protein BZLF1,Epstein-Barr virus,16940523/17215287
Model_16_AF,2,Homo2,A,ALA,191,LYS,-1,,,"7,5",Trans-activator protein BZLF1,Epstein-Barr virus,16940523/17215287
Model_16_AF,2,Homo2,A,ALA,191,VAL,1,,,"7,5",Trans-activator protein BZLF1,Epstein-Barr virus,16940523/17215287
Model_16_AF,2,Homo2,A,CYS,189,ALA,0,,,"7,5",Trans-activator protein BZLF1,Epstein-Barr virus,16940523/17215287
Model_16_AF,2,Homo2,A,PHE,193,ALA,-1,,,"7,5",Trans-activator protein BZLF1,Epstein-Barr virus,16940523/17215287
Model_16_AF,2,Homo2,A,LYS,178,GLU,1,,,"7,5",Trans-activator protein BZLF1,Epstein-Barr virus,16940523/17215287
Model_16_AF,2,Homo2,A,LYS,181,ALA,1,,,"7,5",Trans-activator protein BZLF1,Epstein-Barr virus,16940523/17215287
Model_16_AF,2,Homo2,A,LYS,181,GLU,1,,,"7,5",Trans-activator protein BZLF1,Epstein-Barr virus,16940523/17215287
Model_16_AF,2,Homo2,A,LYS,192,ALA,1,,,"7,5",Trans-activator protein BZLF1,Epstein-Barr virus,16940523/17215287
Model_16_AF,2,Homo2,A,ASN,182,GLU,1,,,"7,5",Trans-activator protein BZLF1,Epstein-Barr virus,16940523/17215287
Model_16_AF,2,Homo2,A,ARG,179,GLU,1,,,"7,5",Trans-activator protein BZLF1,Epstein-Barr virus,16940523/17215287
Model_16_AF,2,Homo2,A,ARG,183,ALA,0,,,"7,5",Trans-activator protein BZLF1,Epstein-Barr virus,16940523/17215287
Model_16_AF,2,Homo2,A,ARG,183,GLU,1,,,"7,5",Trans-activator protein BZLF1,Epstein-Barr virus,16940523/17215287
Model_16_AF,2,Homo2,A,ARG,190,ALA,0,,,"7,5",Trans-activator protein BZLF1,Epstein-Barr virus,16940523/17215287
Model_16_AF,2,Homo2,A,SER,186,GLU,1,,,"7,5",Trans-activator protein BZLF1,Epstein-Barr virus,16940523/17215287
Model_17_AF,2,Homo2,A,GLU,40,LYS,1,,10%,"8,2",Nucleoside diphosphate kinase,Pyrobaculum aerophilum,12205510
Model_17_AF,2,Homo2,A,GLY,33,ASP,0,,,"8,2",Nucleoside diphosphate kinase,Pyrobaculum aerophilum,12205510
Model_17_AF,2,Homo2,A,ILE,117,ASN,0,,,"8,2",Nucleoside diphosphate kinase,Pyrobaculum aerophilum,12205510
Model_17_AF,2,Homo2,A,ARG,71,GLN,0,,,"8,2",Nucleoside diphosphate kinase,Pyrobaculum aerophilum,12205510
Model_17_AF,2,Homo2,A,SER,107,ASN,0,,,"8,2",Nucleoside diphosphate kinase,Pyrobaculum aerophilum,12205510
Model_18_AF,1,Monomer,A,ALA,50,ASP,0,,,"7,0*",VL,Homo Sapiens,22745168
Model_18_AF,1,Monomer,A,ALA,51,ASP,0,,,"7,0*",VL,Homo Sapiens,22745168
Model_18_AF,1,Monomer,A,ILE,29,ASP,-1,,,"7,0*",VL,Homo Sapiens,22745168
Model_18_AF,1,Monomer,A,ASN,34,ASP,0,,,"7,0*",VL,Homo Sapiens,22745168
Model_18_AF,1,Monomer,A,GLN,27,ASP,-1,,,"7,0*",VL,Homo Sapiens,22745168
Model_18_AF,1,Monomer,A,GLN,55,ASP,0,,,"7,0*",VL,Homo Sapiens,22745168
Model_18_AF,1,Monomer,A,ARG,24,ASP,0,,,"7,0*",VL,Homo Sapiens,22745168
Model_18_AF,1,Monomer,A,SER,26,ASP,0,,,"7,0*",VL,Homo Sapiens,22745168
Model_18_AF,1,Monomer,A,SER,28,ASP,-1,,,"7,0*",VL,Homo Sapiens,22745168
Model_18_AF,1,Monomer,A,SER,30,ASP,0,,,"7,0*",VL,Homo Sapiens,22745168
Model_18_AF,1,Monomer,A,SER,31,ASP,0,,,"7,0*",VL,Homo Sapiens,22745168
Model_18_AF,1,Monomer,A,SER,52,ASP,0,,,"7,0*",VL,Homo Sapiens,22745168
Model_18_AF,1,Monomer,A,SER,53,ASP,0,,,"7,0*",VL,Homo Sapiens,22745168
Model_18_AF,1,Monomer,A,SER,56,ASP,0,,,"7,0*",VL,Homo Sapiens,22745168
Model_18_AF,1,Monomer,A,TYR,32,ASP,0,,,"7,0*",VL,Homo Sapiens,22745168
Model_18_AF,1,Monomer,A,TYR,49,ASP,0,,,"7,0*",VL,Homo Sapiens,22745168
Model_19_AF,1,Monomer,A,ALA,31,ASP,0,,,"7,0*",VH,Homo Sapiens,22745168
Model_19_AF,1,Monomer,A,ALA,38,ASP,0,,,"7,0*",VH,Homo Sapiens,22745168
Model_19_AF,1,Monomer,A,ALA,48,ASP,0,,,"7,0*",VH,Homo Sapiens,22745168
Model_19_AF,1,Monomer,A,GLY,24,ASP,0,,,"7,0*",VH,Homo Sapiens,22745168
Model_19_AF,1,Monomer,A,GLY,51,ASP,-1,,,"7,0*",VH,Homo Sapiens,22745168
Model_19_AF,1,Monomer,A,GLY,53,ASP,0,,,"7,0*",VH,Homo Sapiens,22745168
Model_19_AF,1,Monomer,A,GLN,37,ASP,0,,,"7,0*",VH,Homo Sapiens,22745168
Model_19_AF,1,Monomer,A,SER,28,ASP,1,,,"7,0*",VH,Homo Sapiens,22745168
Model_19_AF,1,Monomer,A,SER,29,ASP,0,,,"7,0*",VH,Homo Sapiens,22745168
Model_19_AF,1,Monomer,A,SER,33,ASP,0,,,"7,0*",VH,Homo Sapiens,22745168
Model_19_AF,1,Monomer,A,SER,50,ASP,0,,,"7,0*",VH,Homo Sapiens,22745168
Model_19_AF,1,Monomer,A,SER,52,ASP,0,,,"7,0*",VH,Homo Sapiens,22745168
Model_19_AF,1,Monomer,A,THR,26,ASP,0,,,"7,0*",VH,Homo Sapiens,22745168
Model_19_AF,1,Monomer,A,TYR,30,ASP,0,,,"7,0*",VH,Homo Sapiens,22745168
Model_56_AF,6,Homo6,A,ASP,146,ASN,0,,,"7,4",Uridylate kinase,Escherichia Coli,9457846
Model_56_AF,6,Homo6,A,ASP,159,ASN,2,,,"7,4",Uridylate kinase,Escherichia Coli,9457846
Model_56_AF,6,Homo6,A,ASP,168,ASN,0,,,"7,4",Uridylate kinase,Escherichia Coli,9457846
Model_56_AF,6,Homo6,A,ASP,174,ASN,0,,,"7,4",Uridylate kinase,Escherichia Coli,9457846
Model_56_AF,6,Homo6,A,ASP,201,ASN,2,,,"7,4",Uridylate kinase,Escherichia Coli,9457846
Model_56_AF,6,Homo6,A,ASP,77,ASN,0,,,"7,4",Uridylate kinase,Escherichia Coli,9457846
Model_56_AF,6,Homo6,A,ARG,62,HIS,0,,,"7,4",Uridylate kinase,Escherichia Coli,9457846
Model_57_AF,1,Monomer,A,LYS,262,ARG,0,,,"7,4",Cytochrome P450 2B6,Homo Sapiens,19074527
Model_63_AF,1,Monomer,A,CYS,499,SER,-1,,,7*,McKusick-Kaufman/Bardet-Biedl syndromes putative chaperonin,Homo sapiens,18094050
Model_63_AF,1,Monomer,A,GLY,52,ASP,0,,,7*,McKusick-Kaufman/Bardet-Biedl syndromes putative chaperonin,Homo sapiens,18094050
Model_63_AF,1,Monomer,A,ILE,339,VAL,0,,,7*,McKusick-Kaufman/Bardet-Biedl syndromes putative chaperonin,Homo sapiens,18094050
Model_63_AF,1,Monomer,A,ARG,518,HIS,0,,,7*,McKusick-Kaufman/Bardet-Biedl syndromes putative chaperonin,Homo sapiens,18094050
Model_63_AF,1,Monomer,A,SER,511,ALA,0,,,7*,McKusick-Kaufman/Bardet-Biedl syndromes putative chaperonin,Homo sapiens,18094050
Model_63_AF,1,Monomer,A,THR,57,ALA,-1,,,7*,McKusick-Kaufman/Bardet-Biedl syndromes putative chaperonin,Homo sapiens,18094050
Model_63_AF,1,Monomer,A,TYR,37,CYS,-1,,,7*,McKusick-Kaufman/Bardet-Biedl syndromes putative chaperonin,Homo sapiens,18094050
Model_66_AF,1,Monomer,A,SER,302,ASN,2,,,7,Glucose-1-phosphate adenylyltransferase,Spinacia oleracea,18199755
Model_72_AF,1,Monomer,A,TRP,94,ALA,-2,,,"7,5",ATP synthase mitochondrial F1 complex assembly factor 2,Homo sapiens,19933271
Model_72_AF,1,Monomer,A,TRP,94,GLU,-2,,,"7,5",ATP synthase mitochondrial F1 complex assembly factor 2,Homo sapiens,19933271
Model_72_AF,1,Monomer,A,TRP,94,PHE,0,,,"7,5",ATP synthase mitochondrial F1 complex assembly factor 2,Homo sapiens,19933271
Model_72_AF,1,Monomer,A,TRP,94,LYS,-2,,,"7,5",ATP synthase mitochondrial F1 complex assembly factor 2,Homo sapiens,19933271
Model_72_AF,1,Monomer,A,TRP,94,ARG,-2,,,"7,5",ATP synthase mitochondrial F1 complex assembly factor 2,Homo sapiens,19933271
Model_75_AF,1,Monomer,A,ARG,12,CYS,0,,,"7,5",Alpha-crystallin A chain,Homo sapiens,18700785
Model_75_AF,1,Monomer,A,ARG,49,CYS,-1,,,"7,5",Alpha-crystallin A chain,Homo sapiens,18700785
Model_77_AF,2,Homo2,A,PHE,139,ASP,2,,80%,"7,0*",Gag-Pol polyprotein,HIV type 1 group M subtype B (isolate NY5),10493593
Model_77_AF,2,Homo2,A,PHE,139,ILE,1,,20%,"7,0*",Gag-Pol polyprotein,HIV type 1 group M subtype B (isolate NY5),10493593
Model_77_AF,2,Homo2,A,PHE,139,LYS,2,,100%,"7,0*",Gag-Pol polyprotein,HIV type 1 group M subtype B (isolate NY5),10493593
Model_77_AF,2,Homo2,A,PHE,139,LEU,2,,60%,"7,0*",Gag-Pol polyprotein,HIV type 1 group M subtype B (isolate NY5),10493593
Model_77_AF,2,Homo2,A,PHE,139,VAL,1,,40%,"7,0*",Gag-Pol polyprotein,HIV type 1 group M subtype B (isolate NY5),10493593
Model_77_AF,2,Homo2,A,ILE,145,LYS,0,,,"7,4",Gag-Pol polyprotein,HIV type 1 group M subtype B (isolate NY5),7597080
Model_77_AF,2,Homo2,A,ILE,89,LYS,0,,,"7,4",Gag-Pol polyprotein,HIV type 1 group M subtype B (isolate NY5),7597080
Model_77_AF,2,Homo2,A,LEU,112,LYS,0,,,"7,4",Gag-Pol polyprotein,HIV type 1 group M subtype B (isolate NY5),7597080
Model_77_AF,2,Homo2,A,LEU,126,LYS,0,,,"7,4",Gag-Pol polyprotein,HIV type 1 group M subtype B (isolate NY5),7597080
Model_77_AF,2,Homo2,A,LEU,17,ALA,0,,,"7,4",Gag-Pol polyprotein,HIV type 1 group M subtype B (isolate NY5),7597080
Model_77_AF,2,Homo2,A,LEU,22,LYS,0,,,"7,4",Gag-Pol polyprotein,HIV type 1 group M subtype B (isolate NY5),7597080
Model_77_AF,2,Homo2,A,LEU,58,LYS,0,,,"7,4",Gag-Pol polyprotein,HIV type 1 group M subtype B (isolate NY5),7597080
Model_77_AF,2,Homo2,A,VAL,119,LYS,1,,,"7,4",Gag-Pol polyprotein,HIV type 1 group M subtype B (isolate NY5),7597080
Model_77_AF,2,Homo2,A,VAL,130,LYS,0,,,"7,4",Gag-Pol polyprotein,HIV type 1 group M subtype B (isolate NY5),7597080
Model_77_AF,2,Homo2,A,VAL,33,LYS,0,,,"7,4",Gag-Pol polyprotein,HIV type 1 group M subtype B (isolate NY5),7597080
Model_77_AF,2,Homo2,A,VAL,67,LYS,0,,,"7,4",Gag-Pol polyprotein,HIV type 1 group M subtype B (isolate NY5),7597080
Model_77_AF,2,Homo2,A,VAL,80,LYS,0,,,"7,4",Gag-Pol polyprotein,HIV type 1 group M subtype B (isolate NY5),7597080
Model_77_AF,2,Homo2,A,TRP,86,LYS,0,,,"7,4",Gag-Pol polyprotein,HIV type 1 group M subtype B (isolate NY5),7597080
Model_77_AF,2,Homo2,A,TYR,97,LYS,0,,,"7,4",Gag-Pol polyprotein,HIV type 1 group M subtype B (isolate NY5),7597080
Model_79_AF,1,Monomer,A,TRP,111,HIS,0,,,"7,5",Apolipoprotein D,Homo sapiens,16322568
Model_79_AF,1,Monomer,A,TRP,119,HIS,2,,,"7,5",Apolipoprotein D,Homo sapiens,16322568
Model_81_AF,1,Monomer,A,CYS,70,SER,2,,500%,"7,4",PapX protein,Escherichia coli,23022032